date,GDP,GDP_CONS,GDP_GOV,GDP_INVEST,GDP_EXP,GDP_IMP,PROMANTOT,UNEMP,UNEMPL,CHFUSD,IMPORTS,EXPORTS,CPI_SNB
1975-01-01,,,,,,,,,,,,,
1975-02-01,,,,,,,,,,,,,
1975-03-01,,,,,,,,,,,,,
1975-04-01,,,,,,,,,1.3748252535360495,0.012231562771762738,-0.08089316088834764,-0.016951974878512743,
1975-05-01,,,,,,,,,1.1899109268340622,0.014650953456055493,-0.15298103600366275,-0.04903733857842241,
1975-06-01,,,,,,,,,1.0211534930242259,0.004463298134579907,-0.06965028633377912,0.042728875324577587,
1975-07-01,,,,,,,,,0.8778750507110278,0.021364732960147736,-0.11284610160742758,0.0027501952770379035,
1975-08-01,,,,,,,,,0.7526303767214024,0.0652188904126203,-0.060857906877419765,0.04023145788299587,
1975-09-01,,,,,,,,,0.6164182750791571,0.08275737214905032,-0.08204041389488381,-0.026695861782794594,
1975-10-01,,,,,,,,,0.45910692898748806,0.018537918734796155,0.004113075028183033,0.022674434912399732,
1975-11-01,,,,,,,,,0.3068112818998294,-0.009356342940877949,0.003516446726983702,0.037577220609865236,
1975-12-01,,,,,,,,,0.19482310597744323,-0.0285028908222974,0.012523132281764049,0.02836415964798178,
1976-01-01,,,,,,,,,0.14089981545528651,-0.022833426762746134,0.023829919483443263,-0.0011120782501876647,
1976-02-01,,,,,,,,,0.12608993435877203,-0.0320951584368141,0.0979432489927774,0.02000845887057423,
1976-03-01,,,,,,,,,0.11490251952724684,-0.02620090883072279,0.0695698028786822,0.03861316281249216,
1976-04-01,,,,,,,,,0.0806398978119951,-0.028581778324065832,0.06286711770131603,0.09706370666012631,
1976-05-01,,,,,,,,,0.02074340963527277,-0.03268092092259245,0.08098234508998914,0.06288856856642511,
1976-06-01,,,,,,,,,-0.049856770895701175,-0.03780618748922604,0.05439418726394862,-0.006814770498031919,
1976-07-01,,,,,,,,,-0.11929047969787376,-0.0178027836940976,0.05157575520291502,-0.010211646303865507,
1976-08-01,,,,,,,,,-0.1843244966219295,-0.0024235658609196298,0.06267770455119859,0.0007947590636732116,
1976-09-01,,,,,,,,,-0.23726521854857907,0.0011795838551915683,0.08871104786040362,0.03733910667746443,
1976-10-01,,,,,,,,,-0.2646121895012161,-0.01563249408043177,0.10645630766156344,0.08545738374530742,
1976-11-01,,,,,,,,,-0.2550214037023508,-0.016156430121317844,0.028353987340807407,0.04402348790207711,
1976-12-01,,,,,,,,,-0.22232416289656953,-0.00964957338272987,0.08059647348794385,0.03904276813480578,
1977-01-01,,,,,,,,,-0.18320965701687975,0.018602109390281174,0.056477725058318384,0.04385961300228303,
1977-02-01,,,,,,,,,-0.15156817057606276,0.0319840427844621,0.016832758124714076,0.03631850789235003,
1977-03-01,,,,,,,,,-0.1233885629869178,0.04035621914799947,-0.02167863055986885,0.05875503803858351,
1977-04-01,,,,,,,,,-0.0941424146254839,0.01357002180360467,-0.011365950219239807,-0.01745826913343862,
1977-05-01,,,,,,,,,-0.0689557768581448,-0.0006328076507304825,0.03894919877161129,0.00631676809036108,
1977-06-01,,,,,,,,,-0.06119757703843298,-0.024213735843457762,0.07152249088097307,0.03815398211121135,
1977-07-01,,,,,,,,,-0.07869451450773468,-0.046966917562242916,0.07317276927573602,0.03531560757251384,
1977-08-01,,,,,,,,,-0.10587061993241598,-0.04501484800504796,0.11362443438936864,0.029237477714993076,
1977-09-01,,,,,,,,,-0.11893217395775046,-0.047264527359970554,0.02937431644455657,0.025696540119934497,
1977-10-01,,,,,,,,,-0.1099047134595228,-0.05654504052644582,0.06192777654859327,-0.0061385466956522805,
1977-11-01,,,,,,,,,-0.0858800182839925,-0.09154050921710433,0.05801294733738516,0.017696216975465973,
1977-12-01,,,,,,,,,-0.05707522799009368,-0.13378467890068324,0.12954416703587768,0.05134994327569231,
1978-01-01,,,,,,,,,-0.031322112501285915,-0.13701186173425084,0.1404062965016344,0.002677470161334128,
1978-02-01,,,,,,,,,-0.014825877954930178,-0.14059011912842645,0.06762138332766199,-0.019657428885263784,
1978-03-01,,,,,,,,,-0.009845467163424715,-0.08993153633590445,0.08302902647221799,-0.09712500692304715,
1978-04-01,,,,,,,,,-0.013374006058180399,-0.04169028125631202,0.011314210726844465,-0.020359451734687894,
1978-05-01,,,,,,,,,-0.017764699824986963,0.028751473561690277,0.003317231800778586,-0.017522691360841947,
1978-06-01,,,,,,,,,-0.013131149365177563,-0.006954355262126954,0.06356499543293381,0.052980076831442346,
1978-07-01,,,,,,,,,0.007117792449429672,-0.05458537537868047,0.017172985801160223,-0.018181975259622618,
1978-08-01,,,,,,,,,0.03857891249048251,-0.16445715708159991,0.1512870287867294,0.05090401313713855,
1978-09-01,,,,,,,,,0.06523398249749057,-0.18322991167051184,0.09090915683273693,-0.02097723808215335,
1978-10-01,,,,,,,,,0.07954891770256722,-0.16053862624921522,0.15386780449250637,-0.013020371674794973,
1978-11-01,,,,,,,,,0.07793057701093531,0.004653388797545954,0.04152922757440791,-0.04995305804617445,
1978-12-01,,,,,,,,,0.06360050396150463,0.06530070492045248,-0.026067865595862827,0.012437122539125767,
1979-01-01,,,,,,,,,0.03977009184875868,0.08416373174234049,-0.046925769195734546,0.02920139282720058,
1979-02-01,,,,,,,,,0.015698555436674866,0.000152563397020411,0.03956473781653713,0.01234266468666334,
1979-03-01,,,,,,,,,-0.001003767999243621,0.0034634765485453967,0.04879372646326274,-0.006709384543778896,
1979-04-01,,,,,,,,,-0.007030984923533268,0.027318621758028683,0.025282046421072124,0.010041615122879932,
1979-05-01,,,,,,,,,-0.007581760485356526,0.030644670312440336,0.02627212658056166,0.056015463051295455,
1979-06-01,,,,,,,,,-0.013794510269027782,0.010347188354277392,0.017164559661690504,0.0403240037260737,
1979-07-01,,,,,,,,,-0.03758724029348848,-0.04086161656751541,0.16060426807186445,0.03392948143206098,
1979-08-01,,,,,,,,,-0.08094234720326732,-0.04155081825572471,0.09099626806989392,0.03774504206215212,
1979-09-01,,,,,,,,,-0.13559314001615164,-0.052967241608900206,0.15417193970512955,0.011749574968760612,
1979-10-01,,,,,,,,,-0.18632026246645772,-0.010987134381537977,0.060150805240812844,0.0474394646472156,
1979-11-01,,,,,,,,,-0.2207848012285698,-0.008537924824639886,0.06912464480928904,0.011478103037507736,
1979-12-01,,,,,,,,,-0.22831274593293394,-0.007650504495424815,0.0406834420238269,0.0025449239581796235,
1980-01-01,,,,,,,,,-0.20927278970489027,-0.02205645431210085,0.06007147494498,0.027009786020219195,
1980-02-01,,,,,,,,,-0.17191684637454685,-0.0014073198974005607,0.100877181297367,0.04393618592409965,
1980-03-01,,,,,,,,,-0.1357470161150598,0.0983734377268769,0.02820482650516709,0.07502407067240213,
1980-04-01,,,,,,,,,-0.11327041778332614,0.09907375291752002,0.009160167989950452,0.037836092640546326,
1980-05-01,,,,,,,,,-0.10557312823081766,0.013624614977316096,-0.07652847834607002,-0.027561465752214076,
1980-06-01,,,,,,,,,-0.10149219257789,-0.07681228348355207,0.038308145099613,0.0042898749754378684,
1980-07-01,,,,,,,,,-0.0932026604531,-0.09125457221982608,0.06605772369577068,0.0010080466777608876,
1980-08-01,,,,,,,,,-0.08296788757317408,-0.006592720205325309,0.056090602135501655,0.015457802835737056,
1980-09-01,,1.5170682835512441,-0.5897976892124406,27.499292131979853,0.1417964631249285,0.0,,,-0.07533202880793333,0.0031862775620869477,0.012683375228256466,-0.024238741072654335,
1980-10-01,,,,,,,,,-0.07001094154564669,0.03311370255483531,-0.038091457648800287,0.026554844150087575,
1980-11-01,,,,,,,,,-0.059108441803020995,0.043666356199931866,-0.034981973477858475,0.01557465662288493,
1980-12-01,,0.6261268478780163,-0.6428841238747761,0.2102714962111087,0.10354338624744408,25.197356321394047,,,-0.04259203518383181,0.08548061202797591,-0.07259708706759938,0.023863528663355282,
1981-01-01,,,,,,,,,-0.02881785535038972,0.09214726790408112,-0.16182907062174934,0.02075024847543716,
1981-02-01,,,,,,,,,-0.030433729428965606,0.11803575494056084,-0.08583720281512441,0.06320891914122129,
1981-03-01,,-26.904253111559083,-0.07326621953526935,-2.1504914337399,0.8632088683236798,3.2651830309016256,,,-0.04525285186569228,0.07370162801393754,-0.09908880776740148,0.0417621371632535,
1981-04-01,,,,,,,,,-0.055533787062749695,0.07991701802727591,-0.024627042375080066,0.017326878179432015,
1981-05-01,,,,,,,,,-0.042338885351675515,0.061902360262035105,-0.05618355116256879,0.03552405384232671,
1981-06-01,,27.412564869190764,0.0087102494642326,0.05414942930396194,-0.14301218641477353,-6.136996853646532,,,-0.0029469307960727775,0.07623207380182995,-0.05100126112861503,0.009130252279980766,
1981-07-01,,,,,,,,,0.051053982015691446,0.06097552882071555,-0.030031010601348385,0.05030928627612852,
1981-08-01,,,,,,,,,0.1033493459737489,0.0489273140986507,-0.001023674692170573,0.00611629521938184,
1981-09-01,,-27.412564869190764,-26.967517273450373,2.6728655876369185,0.8708007628003647,8.080352301627746,,,0.1485015787251971,-0.02532740072257922,0.07419858121910039,0.026314152764467025,
1981-10-01,,,,,,,,,0.18612322068811338,-0.10738869184737576,0.1206766837628308,-0.0031005419380818466,
1981-11-01,,,,,,,,,0.21184306119806884,-0.19474745099498103,0.10406665837733087,-0.027107179175160923,
1981-12-01,,23.87364833528453,24.954220022375587,-28.28608721139194,-29.8346832613268,-30.405894800276887,,,0.21822932844378862,-0.10805529615898513,0.03173282153269241,0.005145757321248112,
1982-01-01,,,,,,,,,0.20478907416232595,-0.021578129564495785,-0.0791682173898991,-0.03618791455446768,
1982-02-01,,,,,,,,,0.19096725701126083,0.05715513015393148,-0.09560567692519584,0.008643323817324244,
1982-03-01,,-23.87364833528453,-1.123601572025891,0.0,0.0,0.0,,,0.19671756198604307,0.03967881144468388,-0.061162765749159576,0.009224162654607682,
1982-04-01,,,,,,,,,0.2235533254744677,0.06210213007390253,0.011363444287937341,0.011295839800524732,
1982-05-01,,,,,,,,,0.2567511219608569,0.03078634875725972,-0.01139556218905824,0.00011278152080151926,
1982-06-01,,27.038099785966793,-1.809521130916325,23.305131447569213,0.0,0.0,,,0.278958203189168,0.0959694870364094,-0.08451806256970329,-0.010090496016303518,
1982-07-01,,,,,,,,,0.28974717354743795,0.06586950134042358,-0.133508324568556,-0.035999528339687004,
1982-08-01,,,,,,,,,0.29860837602956813,0.07976088925876079,-0.09195700588703559,-0.0437665660819313,
1982-09-01,,-0.9366484104573329,3.6623236250953273,-23.305131447569213,0.0,0.0,,,0.3086207888211234,0.02981851125520263,0.009470360239564712,-0.04510246793783068,
1982-10-01,,,,,,,,,0.3120752628957355,0.036377015719110006,0.006138412005920912,0.009227277151332203,
1982-11-01,,,,,,,,,0.30125215841735553,0.03771538563475496,0.03243934505935897,0.03325032200260125,
1982-12-01,,-0.8395520549840494,2.4311088789507034,27.011834044522203,28.515019187054282,0.0,,,0.2795695637584661,-0.043747112991175285,0.05550493725755956,0.07487969154914964,
1983-01-01,,,,,,,,,0.25409762899118604,-0.09945047705388466,0.15800416615094193,0.02374402141159493,
1983-02-01,,,,,,,,,0.22775488858539106,-0.08321154596839253,0.034527739731174734,-0.038503323832419056,
1983-03-01,,2.4716662076130547,-0.9003569206162363,1.1931382134801671,-28.515019187054282,28.926764128221492,,,0.20225539762916078,0.007847816652852169,0.013709054659507558,-0.027752135032645953,
1983-04-01,,,,,,,,,0.17511098476883724,0.04511278437049615,-0.06949525156387537,-0.027340748936385495,
1983-05-01,,,,,,,,,0.1426814641028713,0.019252801393859764,0.015178583166029824,0.025171749706885294,
1983-06-01,,-27.733565528138463,0.21921898758351352,0.15748137767019765,0.0,-28.926764128221492,,,0.10600294363571905,0.022045378099881163,-0.032847985517609146,-0.00048129795301576905,
1983-07-01,,,,,,,,,0.07124615779826726,0.02857919583688151,-0.04136302637252243,0.03771112845641511,
1983-08-01,,,,,,,,,0.04528244283780758,0.050230893444022096,-0.03176001150359298,0.023014792082431512,
1983-09-01,,27.142341057267004,-2.455840569291549,-28.362453635672566,27.37341224267893,28.002973566699822,,,0.028041145702733417,0.02339306793079421,-0.046979657549243825,0.061841004824891854,
1983-10-01,,,,,,,,,0.017763609261457702,-0.0029050239015717683,0.0411486310642033,0.015400574898279729,
1983-11-01,,,,,,,,,0.01188807954926041,0.003182632670591601,0.06727026222376864,0.07209184531366475,
1983-12-01,,-0.24563867669682954,-24.97755132115513,27.791128549440163,1.497553240032075,0.9074193232113605,,,0.015101381956924342,0.0165204208036015,0.04574156175916144,0.030422591847479197,2.1
1984-01-01,,,,,,,,,0.03668238568982929,0.05785111487911765,0.08476129653010389,0.07322457485055267,2.7
1984-02-01,,,,,,,,,0.07426518670303217,0.01596619398610266,0.03049718772818011,0.032897311773929516,2.9
1984-03-01,,0.1779883881971669,23.923043175894477,0.9228880869656784,0.3437743482130451,-28.910392889911183,,,0.11118590195395939,-0.02270957081349445,0.057985864778430596,-0.011363953780573866,3.4
1984-04-01,,,,,,,,,0.12875192109816602,-0.021078670568132618,-0.04171738622581245,0.023099171849228384,3.2
1984-05-01,,,,,,,,,0.12135359993632555,0.028162950768820805,-0.026000565859689573,0.06053718593692636,2.9
1984-06-01,,-0.8209437801395251,3.3909965744779225,-28.71401663640584,0.45213228754294765,28.094164870643805,,,0.09523150647479639,0.06060889711050821,-0.09169320045642237,0.004790131519293084,2.8
1984-07-01,,,,,,,,,0.05847399119422292,0.0957263307733881,-0.026843431277615792,0.02278007900201473,2.8
1984-08-01,,,,,,,,,0.020637674105149273,0.06278789115888139,-0.03406214996977752,0.012813684591346686,2.9
1984-09-01,,0.8118116498385007,0.4002989600719408,27.27626723976421,-0.987400327058326,1.1758857540212757,,,-0.012390249330977099,0.092668899907562,-0.023618040863855327,0.041910785901372094,2.7
1984-10-01,,,,,,,,,-0.03586929851015341,0.045808989444908854,-0.03348392459620797,0.008653942832850703,3.1
1984-11-01,,,,,,,,,-0.04954748302330536,0.02253851939521412,-0.035650007041951426,0.004840937093639752,3.0
1984-12-01,,-0.3728702964646048,-0.15280805504061704,0.27400698783294214,-28.679471791408673,-29.270050624665082,,,-0.05743959681178801,0.021817656734128277,-0.005166937108576519,0.03380677759506412,2.9
1985-01-01,,,,,,,,,-0.06365314686097001,0.05191599477158515,-0.059696082627510805,0.03655457907340676,3.5
1985-02-01,,,,,,,,,-0.06897483278470595,0.1269865604516669,-0.08347271505370557,0.0305294706177186,4.0
1985-03-01,,0.026024811703439066,0.5056127879561588,0.5377491526173812,28.7959602084045,28.351428438358372,,,-0.07257389389140734,0.09070681815199999,-0.0046422479492740365,0.05663998016961713,3.9
1985-04-01,,,,,,,,,-0.0749401271216783,-0.024451571377444803,0.0867968905765224,0.0472343834915705,3.6
1985-05-01,,,,,,,,,-0.07624696997947034,-0.06995995883913586,0.0916756776993104,0.02232708886499779,3.8
1985-06-01,,0.7427538334246502,0.27102315599564986,-0.8383515132806241,-28.7959602084045,-28.351428438358372,,,-0.07436270002417444,-0.08605979308641398,0.10578961838513834,0.02173243429856342,3.4
1985-07-01,,,,,,,,,-0.06817894330271557,-0.07554138576361091,0.06974396754506529,-0.0040230928431341795,3.4
1985-08-01,,,,,,,,,-0.059790053328660164,-0.13001763983896197,0.08311644348853164,-0.030795974045574326,3.0
1985-09-01,,-0.5678697697480215,-0.8971679286267319,-1.8786272070244425,23.171120519861795,28.451377424882885,,,-0.051883758414431824,-0.09632444721927513,0.06774768694170064,-0.009963881005916164,3.3
1985-10-01,,,,,,,,,-0.04603755184382052,-0.10360405497172032,0.08203311595443452,0.010114643490300779,3.0
1985-11-01,,,,,,,,,-0.04090597997653056,-0.07484401745752445,0.07828875768626986,0.03130329055350245,3.1
1985-12-01,,0.5143422605057302,-0.5572350783235592,3.015266853574601,6.407216767721236,1.3041170025918434,,,-0.035418267813621895,-0.10447713699957728,0.12751593226454006,0.005563846192345068,3.2
1986-01-01,,,,,,,,,-0.03197491326178614,-0.04875663792047136,0.09159266167401725,0.008158544325169714,2.2
1986-02-01,,,,,,,,,-0.03234786130117939,-0.08616509781741166,0.1214510842210963,-0.012819661184483522,1.3
1986-03-01,,-1.0081246329894742,0.7109542001304859,0.12300374798032687,-29.57833728758303,-29.75549442747473,,,-0.036881899737224444,-0.09422563190299105,0.05565445188356222,-0.008479495914031077,0.9
1986-04-01,,,,,,,,,-0.04202570085499602,-0.08291156266455058,0.05257006630729322,0.012699308729676062,1.0
1986-05-01,,,,,,,,,-0.046068831836075574,-0.05299106478794724,0.03589145854030207,0.0009670149778742143,0.7
1986-06-01,,1.484008911421747,-0.27567520488330266,-0.5975109814473428,28.96048136867757,29.71291202386408,,,-0.04694659313220484,-0.03960323542220889,0.03942965343964744,0.01474186074886319,0.8
1986-07-01,,,,,,,,,-0.04196748301294129,-0.08624264319355424,0.049674565021010864,-0.01508105270121618,0.5
1986-08-01,,,,,,,,,-0.031454286143876686,-0.10943653209565307,0.11157110325630626,0.004631186104905538,0.7
1986-09-01,,-0.6730423907274525,-0.18086830740104537,0.9798149144578226,-28.96048136867757,-29.71291202386408,,,-0.018812212469242695,-0.10706947516230558,0.10907697111692727,-0.004780895222776138,0.6
1986-10-01,,,,,,,,,-0.009575206046916307,-0.05973438745217152,0.03309503412715742,-0.01785531932469553,0.4
1986-11-01,,,,,,,,,-0.004231044096231429,0.014449060671377634,-0.024769684827198546,-0.005980447006042056,-0.1
1986-12-01,,-0.31009214084518766,-0.5681386736749537,-28.891619194474874,0.0,29.081599432883493,,,0.0002172527932842172,0.00659606511625932,-0.06739318420385843,-0.04926089321243765,0.0
1987-01-01,,,,,,,,,0.004501516200518196,-0.051043657724046176,0.019262817522815112,-0.012929026312868075,0.7
1987-02-01,,,,,,,,,0.006022546030676423,-0.0902558276862232,0.10585281143475811,0.00312978650707052,1.0
1987-03-01,,0.47099554117934267,0.7973591210451758,22.487406724902883,28.512462767104708,-29.081599432883493,,,0.003523061060413113,-0.07843662056868622,0.12728299588586722,-0.01386324320560206,1.0
1987-04-01,,,,,,,,,0.00021259983147992045,-0.04297839642879425,0.12796649426079298,0.019361629755607623,1.2
1987-05-01,,,,,,,,,-0.0015232902819146688,-0.04640540924572484,0.07858120639817656,0.016597354474821913,0.9
1987-06-01,,0.19090447608258132,-0.44581239351490787,5.782184693978768,-28.512462767104708,29.16286766526151,,,-0.0032622600157310444,-0.020076143729694684,0.00018909614362883076,0.028429514283899948,1.3
1987-07-01,,,,,,,,,-0.00814330714696787,0.026820357378849413,-0.034682154912726304,-0.02621002999633859,1.8
1987-08-01,,,,,,,,,-0.017123448991457124,0.043853139386240914,-0.04828391216979,0.03399875814846709,2.0
1987-09-01,,-0.3251064475687005,-0.4279802545394784,-1.2917548017620963,28.28625862904218,-29.16286766526151,,,-0.026916462730769197,-0.003709699271888911,0.060746648536504466,0.03378187881245154,1.6
1987-10-01,,,,,,,,,-0.03332119538378997,-0.028066993902553794,0.1211956093764961,0.07034284167139049,2.0
1987-11-01,,,,,,,,,-0.034622788483430256,-0.10553714218302146,0.12916441194890993,0.002643898778465825,2.1
1987-12-01,,-0.11410820229486363,1.1065460646185137,1.817309818624881,1.1625137885135692,29.963225374751502,,,-0.03153843918155097,-0.12194693130330236,0.1437175396779118,0.05686271415936872,1.9
1988-01-01,,,,,,,,,-0.024662203384831827,-0.10388982362001087,-0.02281264728019039,-0.008658753518652418,1.6
1988-02-01,,,,,,,,,-0.014699958617427455,0.006567253760142999,0.002325075911702612,0.01594678276023842,1.8
1988-03-01,,-0.4839568789244081,-0.17736065387209915,-0.7227038723948344,-1.4521426291208661,-29.963225374751502,,,-0.0061263880672921545,0.04121367701423634,-0.010783452333587462,0.04042426947958688,1.9
1988-04-01,,,,,,,,,-0.004208878492077517,0.02615395570498641,0.06116287081488281,0.016300156131912047,1.9
1988-05-01,,,,,,,,,-0.010382410142568688,0.013880539848745488,0.03399645257238859,0.008401988351216971,2.2
1988-06-01,,-0.4613374980552617,0.7920757621641729,0.5330795152130922,-27.996629788434884,0.0,,,-0.022419761095804347,0.05375415523314736,-0.0276252260231189,-0.01310983620481565,2.1
1988-07-01,,,,,,,,,-0.03756276785956025,0.10438236107917881,-0.029589122860237183,0.05983524629430903,1.8
1988-08-01,,,,,,,,,-0.0538579262510428,0.11539199489781371,-0.08986508313272168,0.032948450066431434,1.8
1988-09-01,,1.2225722554212581,-0.20564840432828102,-0.14031661837608445,29.182944206527836,29.80911856183957,,,-0.06862239338368781,0.07468657712841709,-0.05280937010329012,0.030794912039020517,2.0
1988-10-01,,,,,,,,,-0.07963176623172075,0.0018752630374606616,0.027582489873452687,0.012592028923204879,1.8
1988-11-01,,,,,,,,,-0.08577351459267035,-0.07616735546315839,0.08772997275383787,0.01927095952718716,1.8
1988-12-01,,-0.06495046066049143,0.46518804250703927,-1.1847726660386542,-0.1852721273891662,-0.7720439683779257,,,-0.0886510581944755,-0.06313904049192304,0.14038850839592598,0.06398790884838235,1.9
1989-01-01,,,,,,,,,-0.08899607801523146,0.015927387193447162,0.021820385194711633,0.03366275358520454,2.2
1989-02-01,,,,,,,,,-0.08567442341771958,0.07004618545009245,-0.011654761048102813,0.07664789654478454,2.3
1989-03-01,,0.02757237435552584,0.12549146095761843,0.13107676231025892,-1.5767854807695691,-29.037074593461643,,,-0.07675491755782993,0.08491027303333054,-0.09107423292547523,0.019420160132678888,2.3
1989-04-01,,,,,,,,,-0.064113808715069,0.05296421444102989,0.02185450171312553,0.06486353149501767,2.6
1989-05-01,,,,,,,,,-0.052259820101880905,0.09392234184746773,-0.05657257653973602,-0.005935790794584506,3.0
1989-06-01,,-0.13134193395271282,-0.33926494380312766,0.22878638192567302,0.6086337310862301,29.49095077801786,,,-0.04509466641946602,0.058946478437323035,0.04056503089526586,0.06975279471560114,3.0
1989-07-01,,,,,,,,,-0.04156117179364571,-0.011481322608644207,-0.018173910444883035,0.010803989954744964,3.0
1989-08-01,,,,,,,,,-0.03940977827483216,-0.0404427842384697,0.05149020058624032,0.02158310540231767,3.0
1989-09-01,,-0.7997258904618003,0.3042923417898279,-1.1026188363458036,-28.02952032945533,-1.8243099800717482,,,-0.035472603379211876,-0.013146247117880594,-0.014473128680570824,-0.003043886457131606,3.4
1989-10-01,,,,,,,,,-0.03014305416972185,0.0013369529115297984,0.04605483450430725,0.01159954660096929,3.6
1989-11-01,,,,,,,,,-0.023650077564527194,-0.025335555243247987,0.06227771548999428,0.02930890658452512,4.4
1989-12-01,,-0.01557422770360306,-0.9037050186524734,1.8857238692770495,26.724846141379274,-27.666640797946112,,,-0.01768752896995096,-0.07251108319507832,0.11655467619124238,0.00612581337749063,5.0
1990-01-01,,,,,,,,,-0.014075550470890263,-0.0716524169626383,0.02351846579303185,-0.07138709436896562,5.1
1990-02-01,,,,,,,,,-0.014320799407462559,-0.08438054270248618,0.034904537354467635,-0.024290149010447237,4.9
1990-03-01,,1.0940385570905236,-0.33457541142652114,0.11411174776482591,1.5802925184236076,28.13711568182788,,,-0.01567574349764911,-0.03585120611875586,-0.06922954008429372,-0.06754618296380244,5.0
1990-04-01,,,,,,,,,-0.01238696533573247,-0.020562805451033228,-0.007751320376893744,0.02045838154933577,4.6
1990-05-01,,,,,,,,,0.00046757440031086617,-0.04684532536640118,0.03794720972432941,-0.01760837743251642,5.1
1990-06-01,,-27.51067088925453,-0.08404279473809911,-2.5826048490785594,0.5810106417972432,1.9137075686217124,,,0.024244155494336894,-0.06013755258311548,0.02314586231426219,-0.01628039286185512,5.0
1990-07-01,,,,,,,,,0.057328907456488665,-0.06550591524833099,0.06266230674101081,0.008108856542861531,5.3
1990-08-01,,,,,,,,,0.09697744578987155,-0.08233160715290372,0.019945258711050684,-0.02326335713898331,6.1
1990-09-01,,26.416577828243263,0.3610503564274222,-25.9549078700014,-28.886149301600124,-30.05082325044959,,,0.13902633079524662,-0.08653934145706665,0.09345404980403771,-0.01930582537185188,6.1
1990-10-01,,,,,,,,,0.17776470902674468,-0.08273605095630807,0.046337193512908215,-0.032870953166131756,6.4
1990-11-01,,,,,,,,,0.20773082604981674,-0.03956562704465674,0.035128153202485635,0.020644812027871495,6.1
1990-12-01,,0.7243322875463989,0.3491843133608121,0.0,26.863585657338717,27.86305664201269,,,0.2262560468709811,-0.019673098980918707,-0.018723754195143272,-0.019549497867647148,5.3
1991-01-01,,,,,,,,3.272,0.23565637739985057,-0.008172703378740237,0.01847567935870842,0.03821957401883935,5.5
1991-02-01,,,,,,,,,0.23867441578851611,0.009169960345729755,0.0012158543308942171,-0.015411991261661484,6.2
1991-03-01,,-0.049152521632328305,-0.6418202540252302,27.011234427171345,1.9790053980014837,0.5501055983025991,,,0.23598326312162854,0.0826456616754476,-0.01575704878860762,0.04688027973404374,5.9
1991-04-01,,,,,,,,,0.2276246152660022,0.12444907241203379,-0.13894792311652537,-0.01879461579818198,5.9
1991-05-01,,,,,,,,,0.21602825876107978,0.13880536374906852,-0.1732685124634301,0.002605284675588848,6.3
1991-06-01,,-0.1432354169128197,-0.4853296572888057,-2.4205500321645426,-28.8425910553402,-28.413162240315287,,,0.20500733186074704,0.09447938470434342,-0.08262224410500707,-0.004904730210824937,6.6
1991-07-01,,,,,,,,,0.19756339165266468,0.07250954230479956,-0.04606912934562146,0.00637466171201595,6.6
1991-08-01,,,,,,,,,0.19429823946478741,0.04214743343158339,-0.015912849296512377,-0.0021578710255596434,6.0
1991-09-01,,-0.4581197427467004,0.5548569497942566,-24.590684395006804,27.06549576218805,0.0,,,0.19518213991245936,-0.03286652725209904,-0.0011202003894652535,0.022358492012784836,5.7
1991-10-01,,,,,,,,,0.20025476579078827,-0.04629731833349576,0.03199264719913941,0.028551519004594184,5.1
1991-11-01,,,,,,,,,0.21026004394942355,-0.057774699248791306,0.08347416281491249,0.045079796503777914,5.5
1991-12-01,,0.37705143619475745,-0.1660599300110347,0.0,-0.19731194624767323,24.01290847138442,,,0.22380400690550495,-0.06615298910993012,0.047149531681860424,-0.013234850083197358,5.2
1992-01-01,,,,,,,,3.01,0.23610577658014975,-0.05151696897875285,0.020555014311700148,0.02769504268926326,4.9
1992-02-01,,,,,,,,,0.24226621438078588,0.014754718221105356,0.02346308231200922,0.04283271230879038,4.6
1992-03-01,,-1.4477730343957445,-1.712762514927018,0.0,2.3760924501205323,4.198189130510821,,,0.24003667259810157,0.08563997375201576,-0.06437176262516431,0.04582099716089516,4.9
1992-04-01,,,,,,,,,0.23130080054861324,0.07909295933788135,-0.026052837971310083,0.02259508780028341,4.8
1992-05-01,,,,,,,,,0.21907855988493274,0.023471804504548055,-0.0411143697052303,-0.01045213556941249,4.2
1992-06-01,,-25.419680836296827,-25.50171778811419,0.0,-2.1408900438796974,0.9413090318958377,,,0.2087493905458988,-0.05754642999266685,0.01301571090280973,-0.002972318850929412,4.2
1992-07-01,,,,,,,,,0.20312462347853177,-0.12966275557562112,0.06062126992465622,-0.04251853265151695,3.8
1992-08-01,,,,,,,,,0.20168841526452574,-0.13944781321183136,0.0706721810303037,-0.0007256467981804349,3.6
1992-09-01,,0.0,0.0,0.0,-27.10338622218121,-29.15240663379108,,,0.19876113259704375,-0.10884192378696428,0.108778565018401,-0.010553427427215212,3.5
1992-10-01,,,,,,,,,0.1889769664395864,-0.012866042313531667,-0.004815948562573169,0.00833418492582183,3.5
1992-11-01,,,,,,,,,0.17150599439490932,0.09728844509765444,-0.11464268201959626,-0.017535464029688086,3.3
1992-12-01,,0.0,0.0,0.0,0.0,0.0,,,0.15185585470178253,0.10667690239275035,-0.16574729958486856,-0.03642140069027633,3.4
1993-01-01,,,,,,,,5.844,0.13821122007253273,0.11450761356947364,-0.1562011438251396,-0.00990048410853106,3.5
1993-02-01,,,,,,,,,0.13472999829179955,0.0602335193173531,-0.05126043291456739,0.01696576276613726,3.4
1993-03-01,,0.0,26.301437342250896,0.0,29.04463201556183,0.0,,,0.13880311763971598,0.0670982014857992,-0.0575368986426632,0.020825308270055132,3.6
1993-04-01,,,,,,,,,0.1441990730752405,-0.011944345051542016,0.07533547707213373,0.03872471931453347,3.8
1993-05-01,,,,,,,,,0.14543613690349488,-0.04542961466446854,0.0029691015504162976,-0.016820975127878057,3.6
1993-06-01,,25.65434834017255,1.5573292183520424,27.760316185931924,-29.04463201556183,27.90788643390299,,,0.13914754685399622,-0.029187397042142127,0.08889067079554636,0.03923909412271698,3.1
1993-07-01,,,,,,,,,0.12444685433015934,0.0368588906645505,-0.05356323102925131,-0.009900809017526768,3.4
1993-08-01,,,,,,,,,0.10244623934083208,0.03131413393266741,-0.0055653850548367245,0.013300372971752239,3.6
1993-09-01,,1.3170834536389953,-1.6269976674404492,-27.760316185931924,0.0,-27.90788643390299,,,0.07585731332613754,-0.04055263913069168,0.023183331186373834,-0.013497349645369638,3.4
1993-10-01,,,,,,,,,0.04875679322234916,-0.04835010256502181,0.05050978344035428,0.0423934740284615,3.4
1993-11-01,,,,,,,,,0.024488514919605464,0.0002219977958146102,0.0006932186539998497,-0.0020458833279874966,2.2
1993-12-01,,-26.971431793811547,1.629121144042561,28.147045149909133,28.763830961367816,28.826997245191855,,,0.004792636312926035,0.03137079807309434,0.0030438563390973172,0.01842853034792924,2.5
1994-01-01,,,,,,,,5.557,-0.010429042160660984,0.01947691358179232,-0.0257474124793049,0.01287872497310616,2.1
1994-02-01,,,,,,,,,-0.02097610337036926,-0.02737780011837171,0.014573450564832058,0.017030207394775232,1.8
1994-03-01,,26.85089812639768,-0.5307635290496557,-28.147045149909133,-0.5977930929466264,-28.826997245191855,,,-0.02485931929972196,-0.023608740060500788,0.02393817484489702,0.04731604573507653,1.3
1994-04-01,,,,,,,,,-0.02216639598242587,-0.022901713687362157,0.017863730768429065,-0.06698673171418434,1.0
1994-05-01,,,,,,,,,-0.016515296288536874,-0.030687629456899068,0.09584421914806285,0.0007280279316042026,0.4
1994-06-01,,-0.6385665948372362,-27.330126508155395,28.377458482210365,-28.16603786842119,29.557951181156447,,,-0.013864862962988056,-0.0403209221348233,0.04959097155071035,-0.046101681174008036,0.5
1994-07-01,,,,,,,,,-0.017775670539602828,-0.08288888603605998,0.11665725375392455,0.028433096139465874,0.6
1994-08-01,,,,,,,,,-0.026445097280205943,-0.06888235591557601,0.07120998068693751,0.020623241307848872,0.5
1994-09-01,,0.28248278784166225,28.299890674009973,-0.14396644837787098,26.87263612611398,-29.557951181156447,,,-0.03521750140972735,-0.06277314155028296,0.06978057206781685,0.039420144181875116,0.6
1994-10-01,,,,,,,,,-0.040742524657371604,-0.04564903526857106,0.06734233739363304,0.020608095835431328,0.4
1994-11-01,,,,,,,,,-0.043261210988866594,-0.017454794337314727,0.036238270806880024,0.03738584726291094,0.6
1994-12-01,,0.3618299186864111,-1.3488108529157066,-0.5476892260020084,2.390376614706359,29.439733343190692,,,-0.04446888963723339,0.03030424691299849,0.06295992049730614,0.06689066098600804,0.4
1995-01-01,,,,,,,,4.653,-0.04393527067979264,0.016855873189407566,-0.036149769085902506,0.007096732805052852,1.0
1995-02-01,,,,,,,,,-0.04049630123641457,-0.018820454325155445,0.05095529553418032,-0.02494988922397212,1.5
1995-03-01,,-1.0684922358232471,3.1110054038667303,1.3322008073738265,-0.7495292099951687,0.46728966784793924,,,-0.03343655470396811,-0.1265793680549693,0.053860138683468506,-0.07021808366424764,1.6
1995-04-01,,,,,,,,,-0.024043033805789094,-0.12213732808900002,0.1648640479966197,-0.01946988808962047,1.6
1995-05-01,,,,,,,,,-0.01686797908030968,-0.08375578065484882,0.1042826457188113,0.0232981420414049,2.0
1995-06-01,1.522505163897847e-05,0.7718675294421586,-30.062085224960995,-2.4305773822435293,-28.513483530825173,-1.1171827270173305,,,-0.01678911829047891,-0.010376766472628085,0.0010625630300609146,0.024849743998881735,2.1
1995-07-01,,,,,,,,,-0.009148417427828903,0.014991464343713262,-0.007472562951459594,0.02561566642794233,2.0
1995-08-01,,,,,,,,,-0.0027867926765008377,0.02273630663666759,-0.06119609787136682,0.0017915349308843531,2.0
1995-09-01,0.005246428690897531,0.2488047392533682,26.57715420971083,-26.587426232960784,0.0,-28.7898402840213,,,-0.004719620894400478,0.023841627275437344,-0.017517165656407485,0.02735905819082518,2.0
1995-10-01,,,,,,,,,0.0005643933577665905,-0.008978194048870541,0.026493088324077263,0.0005362811375881904,2.0
1995-11-01,,,,,,,,,0.001263523302686309,-0.04488851419343082,0.04961161408969872,-0.0036798959035309053,1.9
1995-12-01,-0.002524028460642924,-1.961723237639855,-0.5792824227966555,27.87614025276767,27.514773589292794,27.80483345053986,,,0.008085631343581312,-0.020099447004153587,0.05084810690817676,-0.008842310652440233,1.9
1996-01-01,,,,,,,,4.654,0.00804398117883487,0.031425112029683955,-0.009702039489138059,0.01702533806708928,1.5
1996-02-01,,,,,,,,,0.01815355472458613,0.04529079144419068,-0.054102330906502516,-0.01724198071190486,0.8
1996-03-01,0.00935137869824132,2.541376309182511,1.268154842446791,-27.87614025276767,1.7157032931453575,1.1745180762412368,,,0.03826986126110121,0.027763849721782252,-0.048086801957271774,-0.006592568631994311,0.9
1996-04-01,,,,,,,,,0.04780723816477028,0.03012803918612278,-0.06209039837085939,-0.010128867251644635,0.9
1996-05-01,,,,,,,,,0.05216702272455542,0.046695656905090255,-0.034356844871986425,0.03087487330412486,0.7
1996-06-01,-0.006303293013361966,-1.8176008291773322,-0.7313244812253787,0.0,-29.23047688243815,-2.0437993762222044,,,0.05107091970297972,0.05058439328164874,-0.05766637849207612,0.0012210589429813012,0.7
1996-07-01,,,,,,,,,0.04751477483877764,0.011476785829803604,0.01231770157285439,0.03545312347910112,0.7
1996-08-01,,,,,,,,,0.045456953313745885,-0.0415159823967482,-0.014571774991583908,-0.015715279089842937,0.6
1996-09-01,-0.0007790350791498923,0.7771650918204083,-26.534702148135587,25.00049263336536,28.224217786384862,-26.935552150558895,,,0.050896166252076824,-0.01895937813396012,0.04434647990103713,-0.0008001081846913394,0.6
1996-10-01,,,,,,,,,0.0689285760846623,0.021353124470568807,-0.023886571560275627,-0.00607230258530933,0.8
1996-11-01,,,,,,,,,0.06903366200723937,0.058355687623069696,0.00987520902721073,0.03953918557658653,0.7
1996-12-01,0.0024645854582185933,0.5664239745917385,0.0,-25.00049263336536,0.5342904747212812,29.131661743755956,,,0.05758963754765034,0.07390033784114955,-0.08817018974058044,0.014313072624322132,0.8
1997-01-01,,,,,,,,5.997,0.057905817169663365,0.10018571934592885,0.01956888700492243,0.041876971586653156,0.8
1997-02-01,,,,,,,,,0.05050574336516078,0.13129237815666636,-0.035247981042413556,0.03201734144797541,0.8
1997-03-01,0.0024493138279577664,-0.07527396479178128,0.0,28.282572932439052,0.8183371290413552,-0.16704269305981678,,,0.04275727566732357,0.09633703204574984,-0.023329277022359207,0.053683227991076166,0.5
1997-04-01,,,,,,,,,0.014091919721696655,0.049475716096666456,-0.04054180207100444,0.06786065874288383,0.5
1997-05-01,,,,,,,,,0.006211440220994291,-0.014530608593139371,-0.04580444883080759,0.0002667854432516492,0.6
1997-06-01,0.014286426480966341,0.4102283866160419,26.305644954232328,0.09275603770548735,-0.20480839938962148,0.46444908370178584,,,-0.0009911673354565664,-0.014470799298480608,0.044082192962711986,0.045014161060862534,0.5
1997-07-01,,,,,,,,,-0.016523563583193734,0.013947546175198777,-0.02110375283455923,0.002995449615010415,0.5
1997-08-01,,,,,,,,,-0.024185290118269975,0.05407736433470206,0.05708165855658365,0.06048128421442556,0.5
1997-09-01,0.013173026445269187,-0.2623434331527651,0.5430991874507739,0.10885969827950537,-29.372036990757877,-29.429068134397927,,,-0.03477372956972502,0.01909061489864866,-0.004210603189346074,0.01765807770098604,0.4
1997-10-01,,,,,,,,,-0.05770774861919925,-0.020955812503308024,0.02629978791124543,0.031770906859925674,0.3
1997-11-01,,,,,,,,,-0.07298684816019829,-0.07256495003307228,0.04616657737312835,0.03243289797809723,0.4
1997-12-01,0.004210203873972418,0.47804100307365666,-0.21588698467433964,-0.3942383613264199,29.360813907628707,28.825736353652744,,,-0.07760981463038163,-0.021199778369998146,0.00441050550508848,0.02674180855087016,0.4
1998-01-01,,,,,,,,5.773,-0.05025852529997188,0.015843724723273556,-0.0029855278354311565,-0.03299773990729449,0.0
1998-02-01,,,,,,,,,-0.060919149271921214,0.03921009751110377,-0.03851649167972937,0.004308699335172861,0.0
1998-03-01,0.007183297151787116,-1.4697883316766356,-1.4405496663370831,0.42978393899780376,-29.360813907628707,0.1936570179763326,,,-0.07904580923971061,0.03470116873551332,-0.02118372583183259,-0.010468927146693119,0.0
1998-04-01,,,,,,,,,-0.11522691108535277,0.02030336270870986,0.009300538488187016,0.0670091137461597,0.0
1998-05-01,,,,,,,,,-0.1292414112015674,0.010766843790383729,0.014492426028731131,0.003699959545592435,0.1
1998-06-01,0.011163186069889974,1.1266165211909578,1.7737160187164729,0.07427959645416105,28.570101803133703,-29.01939337162908,,,-0.13864549897494882,0.003215995024198448,0.022592394070823474,0.00033864296035091,0.1
1998-07-01,,,,,,,,,-0.1392445015897703,0.0056818862889482236,-0.05003735684653421,-0.018483707314150166,0.1
1998-08-01,,,,,,,,,-0.13038080525522489,0.009658480640146183,-0.005977284971582009,-0.017387406958540907,0.1
1998-09-01,0.000512105165574539,-0.2195014540533592,0.49910689498702787,-1.119015375969014,-28.570101803133703,0.0,,,-0.11549910425796206,-0.0656382535558373,0.07506493053281815,0.005706313093071458,0.1
1998-10-01,,,,,,,,,-0.098043333831626,-0.12387973600211588,0.11628360878113142,-0.0400872218308983,0.0
1998-11-01,,,,,,,,,-0.07971308052955983,-0.07517884464840668,0.13796250633227913,-0.0032073997172474833,-0.1
1998-12-01,-0.006717989408794978,0.41758021329238054,-1.592031114567663,0.5614874169005633,27.288649404470334,29.709399161971753,,,-0.06335107355333847,-0.028639581745800058,0.012331839589304394,-0.021677509702414,-0.2
1999-01-01,,,,,,,,5.651,-0.05405388147557666,0.03549437120240534,-0.05305632269943672,0.003629165652068167,0.1
1999-02-01,,,,,,,,,-0.05584248004881154,0.029859444863258422,-0.09016160360396697,-0.019899762987606096,0.3
1999-03-01,0.004491650504318656,-0.8706900308019421,0.8336574742412723,-28.03648588348114,-27.288649404470334,-29.709399161971753,,,-0.06767428567829903,0.0747139294115739,0.008564334149493646,0.052214754948280984,0.5
1999-04-01,,,,,,,,,-0.08200964080427653,0.0774254945982989,-0.07682355458853962,0.008328627409824207,0.6
1999-05-01,,,,,,,,,-0.09040302027133507,0.05497991866388324,-0.03229160097877326,0.030786412820809517,0.6
1999-06-01,0.005515710960168008,0.7603130483212042,0.6962068303806224,0.0,28.65649656473222,28.761427412462282,,,-0.09037176230108912,0.04757877317032827,-0.05512894400082402,0.01247076455132401,0.6
1999-07-01,,,,,,,,,-0.08525183715240559,0.03304033334948864,0.05943333444821519,0.04099363555551605,0.7
1999-08-01,,,,,,,,,-0.08136569978581498,0.0009780564816300186,0.06848335968225783,0.06349774557138588,0.9
1999-09-01,0.008149638475634546,-0.011605608755003716,-0.784791576061364,28.54251511585676,0.26800691966072376,-1.50474440131919,,,-0.08202622490653333,-0.007317441676191305,0.04026845987878147,0.033997035945535714,1.2
1999-10-01,,,,,,,,,-0.08664704063177986,-0.03806036630281445,0.07866778531336394,0.06393960176392,1.2
1999-11-01,,,,,,,,,-0.09094499960788838,0.029411279479603925,-0.044613923933432886,0.047557211746156014,1.3
1999-12-01,0.02344134174340695,0.42145807070703784,0.5610744155942922,-0.4793282900757122,-0.5345995213670305,2.362426733435868,,,-0.09203969233077025,0.037235061401465264,0.03160610898105176,0.04158280634787559,1.7
2000-01-01,,,,,,,,4.806,-0.08816938113003303,0.06536640137121702,-0.013346312530341464,0.001880942422477716,1.6
2000-02-01,,,,,,,,,-0.08650336254940427,0.05044788664360228,0.0041271592817544445,0.020215139035300922,1.6
2000-03-01,0.005991230043379758,-0.9607576048845436,-3.5206217816979275,-0.7458299150077915,0.44154046017822646,-1.6203523001155116,,,-0.08669460247002192,0.048975215474650224,-0.0891578567874447,-0.01520253666552307,1.5
2000-04-01,,,,,,,,,-0.07858261332260419,0.04631791276384395,-0.06272097705051394,-0.007928566804629611,1.4
2000-05-01,,,,,,,,,-0.07593422503923009,0.05024589320269374,0.04342246582966425,0.061392252967955585,1.6
2000-06-01,-0.0002247412618370248,0.7567391813248359,2.9948717054158793,0.78613899490214,0.6160256082656668,-27.998757444463447,,,-0.052982312561610456,-0.013051689775698039,0.006388833689765505,-0.015002694415596096,1.8
2000-07-01,,,,,,,,,-0.04386083269193186,-0.008286270248314742,0.07524227534816674,0.04908084273450086,1.9
2000-08-01,,,,,,,,,-0.03837514929303332,-0.0024135277865675597,0.0035086305299998344,-0.00757956690640782,1.1
2000-09-01,0.007810255122549847,-0.21461233446753325,-2.900532362292493,-0.8313593057896878,-29.447470031469805,28.84389674576177,,,-0.04928468144318998,0.06858956064095978,0.004593499309354598,0.10471731339792356,1.4
2000-10-01,,,,,,,,,-0.06861049553721621,0.0716163605440463,-0.025735202411354408,0.025258059212788453,1.3
2000-11-01,,,,,,,,,-0.08442035949165572,0.03608501342714443,-0.006994226691901417,0.006896601064479313,1.9
2000-12-01,0.011974023718110516,-0.36526904846872216,2.364596839377506,0.8441921644311421,28.80754384445654,0.42720916411791365,,,-0.09639580693293048,-0.042487797054401644,0.10560742336516071,0.00697546957273687,1.5
2001-01-01,,,,,,,,5.625,-0.09773204457036755,-0.0846675732814729,0.07251903158625694,0.03599976512535363,1.3
2001-02-01,,,,,,,,,-0.0720081041678391,-0.06345978323339796,0.03327682206058569,0.02334214354821995,0.8
2001-03-01,0.0016857822039444414,0.5360829814785371,1.0650491354803446,-28.116328764316847,-3.6818518229242168,-1.133399515348902,,,-0.027341889098790872,0.0031600213915301545,-0.05082142792266353,0.006551817281753358,1.0
2001-04-01,,,,,,,,,0.019887642743924516,0.04943219948507571,-0.02961788721984604,-0.00276191119479563,1.2
2001-05-01,,,,,,,,,0.06582189406295491,0.04924441895088094,-0.05315316903545053,0.0109841066715326,1.8
2001-06-01,0.002331890163393524,-0.1364911200182226,-27.182609970245647,0.0,-25.125692021532323,-28.13770639453078,,,0.07900312598315118,0.05456334925030781,-0.06164993269522867,-0.02082329964270002,1.6
2001-07-01,,,,,,,,,0.07675648136087254,0.02530578577461262,-0.04782446910855498,0.003725207523359586,1.4
2001-08-01,,,,,,,,,0.05418262935461726,-0.04195754679345298,0.014013626816151259,-0.030186576297403178,1.1
2001-09-01,-0.0010150491796014904,-1.2751080801428822,27.012415442106633,0.0,0.0,0.0,,,0.04013792750344436,-0.08883203463500644,0.05639839028457061,-0.04158730076698092,0.7
2001-10-01,,,,,,,,,0.07560541895197481,-0.07156176619957139,0.031574167502864015,-0.021998784877649058,0.6
2001-11-01,,,,,,,,,0.11926333365464181,-0.017947196468619864,-0.0565643976050616,-0.03311067071598828,0.3
2001-12-01,0.00028841160869852445,-0.544645926132548,-0.29902290802485065,0.0,28.662797997311053,0.0,,,0.13917093608286102,0.01384057116369275,-0.08628889978590237,-0.015042783871692222,0.3
2002-01-01,,,,,,,,5.586,0.12767132550450455,0.0212996799544381,-0.011935101163576434,0.051778132814330746,0.5
2002-02-01,,,,,,,,,0.10350595237184024,0.02757810040405617,0.06906039711935463,0.02855117730984702,0.7
2002-03-01,-0.0004819779571594296,-25.415438048396982,1.0016595114913656,28.750117136256204,-28.662797997311053,28.794897451435837,,,0.10294989357832662,0.010601738802580973,0.10592040089217392,0.09708807632072336,0.5
2002-04-01,,,,,,,,,0.10340681909190153,-0.010055580363716121,0.030751722919511337,-0.014895292469915944,1.1
2002-05-01,,,,,,,,,0.10550788091467034,-0.06582409750469065,0.00963081004780264,0.021427650751572713,0.6
2002-06-01,0.007623828606678984,23.719828737612904,-1.1051858540698298,-1.6743372053489685,28.6169031764449,-1.7434107841245634,,,0.10844289829727494,-0.08367036432142222,0.10178993764898436,0.011410407451410975,0.3
2002-07-01,,,,,,,,,0.09841366903675564,-0.11678124862913414,0.1012603013324842,0.012605519568662515,-0.1
2002-08-01,,,,,,,,,0.09288151164935066,-0.05948098687725717,0.03289340811593178,0.0015991519637417184,0.5
2002-09-01,0.0002744121108619879,2.1591528088659144,0.7922167153711712,-4.133557833417774,-28.6169031764449,-27.051486667311273,,,0.10211349491975596,-0.03086663780185739,-0.03815022596359796,-0.0216579779990127,0.5
2002-10-01,,,,,,,,,0.12528714791670303,0.014419663781020442,-0.04626473670678166,-0.014925255648343239,1.2
2002-11-01,,,,,,,,,0.14569378506121744,-0.021196375267462042,0.030336540213980356,-0.015298450336366898,0.9
2002-12-01,-0.007499938391845262,-25.878981546478816,-2.5006640818465744,-22.942222097489463,0.0,0.0,,,0.12543004960268078,-0.03702173881161225,-0.01566686030186304,-0.02508082025379821,0.9
2003-01-01,,,,,,,,8.494,0.10994898463066427,-0.08136842714317694,0.1556832796353902,-0.02811783994467376,0.8
2003-02-01,,,,,,,,,0.09904816738247035,-0.07475976368474674,0.10096218797264456,0.016610350827200193,0.9
2003-03-01,-0.005845452412742702,25.933014120081268,2.1351585937148343,0.0,0.0,28.16258922789747,,,0.10771718083922188,-0.05533376245792354,0.11274641531338503,-0.013233479367539047,1.3
2003-04-01,,,,,,,,,0.10054259616095074,0.0012694028362034149,-0.07894079542666077,0.008524741950260761,0.7
2003-05-01,,,,,,,,,0.09019873155034475,-0.03677158270603964,0.006709525371135783,-0.003229588118582427,0.4
2003-06-01,-0.001748048370517452,-25.933014120081268,-0.7102929258740336,0.0,28.302984841487497,-28.16258922789747,,,0.07855614087817742,-0.03117498201722463,-0.004913548639976284,-0.005059132563420832,0.5
2003-07-01,,,,,,,,,0.06354511818434183,-0.012511072903162723,0.06136037675971906,0.027771515190650575,0.3
2003-08-01,,,,,,,,,0.04062194546191478,0.052052835156071176,-0.05566165908232179,-0.03172659443836068,0.5
2003-09-01,0.010358557208128616,26.53565099928569,1.0628398070641898,28.496413828215506,-1.0119962722450477,28.980818299547007,,,0.03543429174809454,0.04060617323099314,0.012703408658712334,0.06625955634186198,0.5
2003-10-01,,,,,,,,,0.031432218930321554,-0.029019261993455503,0.00803035779764727,0.03910193378037263,0.5
2003-11-01,,,,,,,,,0.031097431648525742,-0.036332740641247585,0.13310385405084446,0.08075598761528369,0.5
2003-12-01,0.010739707109086893,0.5630731772726937,-0.750762776896128,0.007640461406311916,1.1776776265132862,-0.6414700314955115,,,0.015059129466232335,-0.08343053875010281,0.1134393753067151,-0.002595963658574618,0.6
2004-01-01,,,,,,,,7.707,0.011561713992476186,-0.06489377370449323,0.07405986925254737,0.002566683340525344,0.2
2004-02-01,,,,,,,,,0.002430588009712409,-0.06758145121157552,0.04323718960784362,0.03324448801451396,0.1
2004-03-01,0.006384351898329754,0.3448272549862269,-26.638361523036778,-3.0847140663887416,0.6001669514527336,-28.339348268051495,,,-0.0005019821966083526,0.01063658439995302,-0.005485133539924192,0.03694834757457954,-0.1
2004-04-01,,,,,,,,,-0.014617405000628025,0.04554572135059881,-5.4350316457174586e-05,0.026254168962829283,0.5
2004-05-01,,,,,,,,,-0.01699577812091313,0.030922884354828734,-0.04238625617086811,-0.030510515390151483,0.9
2004-06-01,0.0059755206286133955,-0.779383772191608,27.692958412502087,2.8664887558530445,-0.044464858042735145,28.300366960056333,,,-0.01944825319558241,-0.021764762347576683,0.0653010883764793,0.02044986920309455,1.1
2004-07-01,,,,,,,0.0,,-0.013880497328237595,-0.04068223854114297,0.03120599965247095,-0.007431239396741063,0.9
2004-08-01,,,,,,,,,-0.006126526627687312,-0.01697796310183114,0.09384930821631343,0.0440932288687641,1.0
2004-09-01,0.001877355655544477,-0.4230107083718905,-27.692958412502087,0.3535833648390547,-29.024368289165732,0.2635368019651422,,,-0.00042016531497068854,0.01006390168214738,0.01172072731391438,0.0036812488948925193,0.9
2004-10-01,,,,,,,0.0,,-0.005947806236108022,-0.009830869334705894,0.04404253891068777,0.021226522541248016,1.3
2004-11-01,,,,,,,,,-0.00769973025044024,-0.07495061848534743,0.04634584151035881,-0.00620797591875899,1.5
2004-12-01,0.0038592766343992224,0.41707978761691,26.843153587190926,-28.639412343925173,28.29931340821229,-0.5730374107454173,,,-0.010641558539569829,-0.09674986785355544,0.07861224060949468,-0.0034415514017638316,1.3
2005-01-01,,,,,,,27.535710936124193,8.76,-0.007248332499091958,-0.04462688736613188,0.050469900632826636,0.02660821914833278,1.2
2005-02-01,,,,,,,,,-0.004068378162966013,0.01747388741289785,0.04837262142181231,0.012552817897574897,1.4
2005-03-01,0.006170936888629797,0.41331473280483777,0.30012297022949913,26.534101176091667,0.5510349121982479,0.9261145396025159,,,-0.002897801428298763,0.02512873806455168,0.008409844526326538,0.027227789592171092,1.4
2005-04-01,,,,,,,-0.4145149436281484,,0.0016042018876571973,0.013633690692410438,0.03892080346029303,0.02379280982821186,1.4
2005-05-01,,,,,,,,,-0.003944778291016249,0.021070320298393952,-0.056556134432884875,0.01901015924213212,1.1
2005-06-01,0.015260288600545735,-0.32979528782058487,-1.5170263602716958,1.5476559628684134,-0.3117211855557528,0.47189370934407915,,,-0.006276269008482771,0.07446711171826073,-0.06670246817466818,0.058458145430844155,0.7
2005-07-01,,,,,,,0.8049421743718674,,-0.009932705585317336,0.07970630971157888,-0.07536561681249054,-0.010450524598759614,1.2
2005-08-01,,,,,,,,,-0.009681098324794135,0.03692324928041782,0.04205183685179037,0.03992555651394625,1.0
2005-09-01,0.00717725009283221,0.4882834433104858,-25.626250197148728,-0.7183599749687888,-28.53862713485478,-29.388874600222653,,,-0.004073899491697119,0.0004328020995839621,0.052436130716056795,0.019228240619543868,1.4
2005-10-01,,,,,,,0.18732728028840046,,-0.014248069356291637,-0.005091946576367079,0.028641326129232425,0.03794053966969457,1.3
2005-11-01,,,,,,,,,-0.020521538951593143,0.037375624980222455,0.00039647416053156803,0.024186441691920635,1.0
2005-12-01,0.010003201731237255,-0.2766055463177539,0.0,0.7382088583246996,28.73769689853905,28.51974761249922,,,-0.030841855623890524,0.029750380430667273,0.016199851627142436,0.04089245675252684,1.0
2006-01-01,,,,,,,0.22509158678426683,7.7,-0.03185970497696289,-0.008299288074562677,0.06278405934966713,0.062274637922609344,1.3
2006-02-01,,,,,,,,,-0.03598949545403585,-0.004452332352963495,0.005253283515216367,0.043680049467976545,1.4
2006-03-01,0.014588705517567746,-0.24174617794619235,26.941536939156098,-0.688246151125431,-0.288528961393834,-28.51974761249922,,,-0.04336027405543952,-0.00023477254297016303,-0.013644506799092682,0.0044572000507585585,1.0
2006-04-01,,,,,,,-0.09419473072042917,,-0.04504955191955062,0.004421346805880577,0.00309684025111423,0.015570940706467695,1.1
2006-05-01,,,,,,,,,-0.04553437557919793,-0.06836363473680807,0.10165574108414788,0.03152353728915358,1.4
2006-06-01,0.005234406152109017,-0.5765277138986923,-26.941536939156098,0.023270198718588403,-28.449167937145216,27.719022610647905,,,-0.046053798440965465,-0.0574815800447368,0.09257734112392768,0.014279673901668843,1.6
2006-07-01,,,,,,,0.36119213726331034,,-0.042219575904479,-0.03604365488292205,0.03914778341348324,0.021195511006197876,1.4
2006-08-01,,,,,,,,,-0.03836966845281786,0.010454117565417725,0.005214564779805642,0.035836839597021,1.5
2006-09-01,0.007503125207847461,0.6372764523021844,27.135462370765904,-0.20922101718270153,28.683346772234625,-27.719022610647905,,,-0.02896389102734709,0.010762123082893149,-0.016975962470691996,0.03697560041675274,0.8
2006-10-01,,,,,,,0.5259143041707752,,-0.03937516523482998,0.018098248014247004,0.03682427722867132,0.053293629756758776,0.3
2006-11-01,,,,,,,,,-0.04933491651847177,0.0031055240225274783,0.04712742295929573,0.02870309600599441,0.5
2006-12-01,0.013442266868205266,-1.1186226454534833,-0.4670010753844314,1.6144870939114209,0.7685586262958188,29.67058616321748,,,-0.057334787001922294,-0.0289922599587496,0.13109494908984942,0.0605535871780809,0.6
2007-01-01,,,,,,,-2.4417561235751775,7.083,-0.04995494199874351,-0.01364338890009928,0.03970871273026688,0.033656387565510926,0.1
2007-02-01,,,,,,,,,-0.05071179480557397,0.0030035483867280055,-0.01157356773631335,0.022551391263398557,0.0
2007-03-01,0.009176479934181359,1.8608648817142421,0.17878118587309588,-2.2356486179356825,-2.352728279809558,-29.67058616321748,,,-0.06716962010786354,0.0065674290079848485,-0.014465062361136205,0.010090454579344765,0.2
2007-04-01,,,,,,,2.331481335297944,,-0.06203935251999404,-0.02503015408464765,0.03600171138026198,-0.008340078232592418,0.5
2007-05-01,,,,,,,,,-0.054091038767277055,-0.014797234446993102,0.07657044936658863,0.02502628298238463,0.5
2007-06-01,0.012509121481439678,-0.8331110870994576,-0.39496287181127954,1.8711440544636515,2.1812473000509476,28.701684717769307,,,-0.03675417634662992,0.012374282683844356,0.025819764431840753,0.03683363423839836,0.6
2007-07-01,,,,,,,-0.6401440243510222,,-0.037051550124237664,-0.004511410162441193,0.05631127230888566,0.055522188427268304,0.7
2007-08-01,,,,,,,,,-0.03469833560831326,-0.015169139518313612,0.0020165595668437675,0.01808880846743577,0.4
2007-09-01,0.007385322507843739,0.3996932247545385,-26.452279609443288,-28.477391583165836,-0.07396770851317247,-0.14120776908400945,,,-0.03053288370442786,-0.0395474815817064,0.03864543267745901,-0.0006184479070938664,0.7
2007-10-01,,,,,,,-28.38104993202598,,-0.028816102873763683,-0.027560840667665704,0.03230293269432494,0.005361882735169132,1.3
2007-11-01,,,,,,,,,-0.02777151358729313,-0.06830958680445882,0.09718586255549155,0.023075953335581545,1.8
2007-12-01,0.006664285422207428,-0.010250251988366155,0.0,27.2483346857207,-29.20645671025866,-28.5604769486853,,,-0.04488779202649873,-0.03869519493004106,0.04359480551113393,-0.021259316411175178,2.0
2008-01-01,,,,,,,27.324762657904067,7.018,-0.04801594302388956,-0.06468164844694699,0.052306295396356006,-0.005390420309346666,2.4
2008-02-01,,,,,,,,,-0.050909521633087707,-0.031045907740229056,0.031080605782165094,0.023100026598427803,2.4
2008-03-01,0.004877903045095167,-0.9233742401726261,27.18637411350328,-27.2483346857207,29.06824279915121,29.154538298207264,,,-0.024585533407439186,-0.11869651311525531,0.10579563841801942,0.039599569893805864,2.6
2008-04-01,,,,,,,-27.324762657904067,,0.0014400578511661877,-0.08207054661416119,0.10751846867741932,0.057112170671295814,2.3
2008-05-01,,,,,,,,,0.011029227053006352,-0.04142059021124674,0.05080303676579945,0.00411245795452686,2.9
2008-06-01,0.015950097862736712,0.4317311093312688,-1.7206578309973972,28.34824019563819,0.3071893392651006,-29.154538298207264,,,0.014603942173298634,0.023939550176651284,0.028420618117493746,0.06427936646806742,2.9
2008-07-01,,,,,,,0.0,,0.0021362623547247495,0.014138852744630472,-0.0080908223235312,0.006325322968674385,3.1
2008-08-01,,,,,,,,,0.008108287470113495,0.03688513690091042,-0.02542622702260644,0.016230378614174867,2.9
2008-09-01,0.0038489541423700757,0.3576115719996147,-25.46571628250588,-28.34824019563819,-1.072584035113965,28.841887277653594,,,0.019080620037687623,0.06805485276896578,-0.09067601139694403,-0.056368719105538645,2.9
2008-10-01,,,,,,,0.0,,0.03499984942474299,0.10572381114966559,-0.17705962911529483,-0.07659948014832096,2.6
2008-11-01,,,,,,,,,0.0626309535656393,0.09411066122599362,-0.1772767106621309,-0.09218802027441697,1.5
2008-12-01,-0.022323529092812322,-26.93697920411804,26.94227795090698,0.0,-28.302848103302345,-0.34458992594861815,,,0.07689786574488267,0.02684162938664375,-0.15218453487171857,-0.12466375613495018,0.7
2009-01-01,,,,,,,0.0,8.446,0.11446734224460542,-0.014346720830629128,-0.09907955101369126,-0.0749135908893166,0.1
2009-02-01,,,,,,,,,0.1315853152834876,-0.02300866734107823,-0.023109290140268968,-0.07836414878748954,0.2
2009-03-01,-0.017958880641339547,27.178838515017507,0.8716304084387201,0.0,0.0,0.1820953521129155,,,0.15859897868449124,0.013193879647767692,-0.038256348094328985,-0.051909359969105395,-0.4
2009-04-01,,,,,,,0.0,,0.15447327056483395,0.01881478719778021,-0.05305681805592144,0.010622111079740648,-0.3
2009-05-01,,,,,,,,,0.13566763754346312,-0.04961709801118547,-0.039040459989511334,-0.027590937211240174,-1.0
2009-06-01,0.002983836506325943,-2.197486017310267,-0.7799991602278011,0.0,28.873032456153375,-28.679392703817893,,,0.14520294458045946,-0.0667682888574204,0.014770559111429549,-0.006964201174923801,-1.0
2009-07-01,,,,,,,28.43789706181684,,0.12405792210267563,-0.06299345594264925,0.08494680377599195,-0.03127789395600189,-1.2
2009-08-01,,,,,,,,,0.11842559511424788,-0.0361670302917341,0.05738098596962615,0.049788400105232,-0.8
2009-09-01,0.011462848925447133,2.138635882594691,0.1018096368459473,28.28676933677999,-0.21987846413241496,28.453879461976648,,,0.07382370082679302,-0.039459670000276253,0.07778782564922437,0.05567673962022823,-0.9
2009-10-01,,,,,,,-1.1853123816086646,,0.05270989587912567,-0.0539789720309361,0.05830774502561198,0.013728689387363602,-0.8
2009-11-01,,,,,,,,,0.03457316334556637,-0.052982374818887804,0.10187850313047875,0.0037533725733283063,0.0
2009-12-01,0.005184963915422003,-0.10059503388246671,-1.6084439849756704,-28.28676933677999,0.28793816662044613,0.17181738105171418,,,0.01671574988004565,-0.008644415485343938,0.010628553029185639,0.0383760936899229,0.3
2010-01-01,,,,,,,1.8494720252953567,8.216,0.005454396860516297,0.012773215539137111,0.001203473288718726,0.022465111991479603,1.0
2010-02-01,,,,,,,,,-0.006000775025489347,0.05666650520725239,-0.03146021812238331,0.012365240956455636,0.9
2010-03-01,0.011145668948575604,0.18578436293428352,-25.527274850988174,28.251555627147575,0.533631721290394,0.2828612008455125,,,-0.018609123639491187,0.034782774248079074,0.025047308629961407,0.04499477577608246,1.4
2010-04-01,,,,,,,-1.8989142925200213,,-0.029852777315642953,0.03280359421726427,-0.030576850888152762,0.016008915652310662,1.4
2010-05-01,,,,,,,,,-0.038030745363101914,0.05207129795041773,0.05404612223004435,0.028288658752725127,1.1
2010-06-01,0.007758721546681002,-1.053048298395691,0.0,-0.5658914113240225,-29.474723879931798,0.3431606214069074,,,-0.041417528655570024,0.05374758758472675,-0.008944898548143954,-0.002966677017113284,0.5
2010-07-01,,,,,,,0.7819596117067256,,-0.042476929777556904,-0.015065011093123429,0.042039304431853,0.01128350201372541,0.4
2010-08-01,,,,,,,,,-0.04191216812300169,-0.08375271559380701,0.08055556711461165,0.034751220242263514,0.3
2010-09-01,0.005631355720680631,1.1983966765493013,26.296427451528945,-0.4556317259374297,25.171640608963344,-29.251718665280784,,,-0.04861571544887333,-0.11800461391769282,0.0750099389507497,-0.028644803375371453,0.3
2010-10-01,,,,,,,-27.98510202469024,,-0.05538659581434935,-0.08351448635997358,0.13532825981869578,0.0058556830242260105,0.2
2010-11-01,,,,,,,,,-0.06147882081227074,-0.053479914092210507,-0.006747736130016335,-0.018451927658713174,0.2
2010-12-01,0.007768535623323913,-0.6233802657287617,0.1502659018846626,0.6876631215637357,4.53276736751215,28.693454178458566,,,-0.05592930724158762,-0.0317499269599559,0.06078674956554764,0.0534442657836216,0.5
2011-01-01,,,,,,,28.943003444083903,7.727,-0.0607060631805485,-0.012555193817586859,0.02673323258376925,0.019589125835345556,0.3
2011-02-01,,,,,,,,,-0.06575807426634839,-0.03587781661297533,0.030399809168823566,0.046756009877999105,0.5
2011-03-01,0.0015864957258973078,-1.621371721694595,-26.446693353413607,-0.7099976491995952,-0.413588202339527,0.6710748590949076,,,-0.0692902277242311,-0.05342077065774612,0.06720823896640837,-0.011566172149350962,1.0
2011-04-01,,,,,,,-1.4227567336573386,,-0.086784569180681,-0.06407066438080089,0.08898512067439768,0.01936860221908887,0.3
2011-05-01,,,,,,,,,-0.09529499146896647,-0.08329388483735059,0.12367294114459071,0.04831342301261898,0.4
2011-06-01,0.004727748566558887,1.6478724822098565,27.171856126426718,-27.207697962250265,-29.29081977413597,-29.364529037553474,,,-0.07431793092109018,-0.08930280373310572,-0.005851578354452158,-0.10317594237276495,0.6
2011-07-01,,,,,,,-1.9548217293552412,,-0.04034801789635978,-0.08820257098656432,0.019536952734817703,-0.02472192169209464,0.5
2011-08-01,,,,,,,,,-0.009054316054861289,-0.11383536440340078,0.04252793595491866,-0.12792538359047256,0.2
2011-09-01,-0.0048787054189673995,-0.6508135063319856,-1.227239497804354,25.50909162507938,0.0,29.071113774951215,,,-0.013768685877099784,0.04269262291102052,0.034642538436258974,0.0895535280052897,0.5
2011-10-01,,,,,,,1.385027736504056,,0.0018060478093548937,0.086694292500192,-0.04346069959287391,0.0024862539718029097,-0.1
2011-11-01,,,,,,,,,0.009204668129585869,0.15179068788742348,-0.16678389071395827,0.043800661772117166,-0.5
2011-12-01,0.002926237929537834,1.5806747793265545,-25.944616628622363,2.752100396771167,28.147363060686676,-0.12290803088769531,,,0.017558993555990554,0.06261795685566734,-0.0663184248081592,0.05255843351380207,-0.7
2012-01-01,,,,,,,-0.29273258823776627,8.327,0.0056156649303904516,0.045600663462089186,-0.003344094054316571,0.01243309162184758,-0.8
2012-02-01,,,,,,,,,0.010989441061095562,0.004335969731468492,0.009868503259454542,0.018060570824850686,-0.9
2012-03-01,0.005983326592852833,-0.09604582436304901,0.0,0.042731892233480284,-0.12715384194021812,-28.94820574406352,,,0.0067799672672812505,-0.021947367971101972,0.0061703139618956016,-0.046190003201836305,-1.0
2012-04-01,,,,,,,1.2955117665874627,,0.026420702239203564,-0.026217294357995774,-0.032066030296952874,-0.028529499312508477,-1.0
2012-05-01,,,,,,,,,0.025012724731066527,0.028648420212269668,-0.006232328267749665,0.0067101899375217045,-1.0
2012-06-01,0.0003958539430684027,-3.0243658093857193,26.312977511537436,-28.303923914084027,-2.7867299232028446,0.0,,,0.03191091580223748,0.047614597564169525,-0.02730159632798035,0.008086098279967757,-1.1
2012-07-01,,,,,,,-27.953231895925075,,0.021978730022393478,0.06868104139115216,-0.0700448316990041,0.0379852480302425,-0.7
2012-08-01,,,,,,,,,0.023293071317787906,0.03128327129822908,0.004934291430068072,0.02053967731970019,-0.5
2012-09-01,0.0070944271933406355,1.8073610378910703,-0.24889907954923496,27.83365552394446,3.768957178084759,29.510762965015466,,,0.018958738122796248,-0.02006064168295732,0.08152320347753417,0.02565436409847166,-0.4
2012-10-01,,,,,,,27.498740505205614,,0.029095896377480557,-0.048098386441196156,0.04406356451844218,-0.0021174807220312175,-0.2
2012-11-01,,,,,,,,,0.028929961455061104,-0.030808639855157166,0.010526040039145812,-0.004917611386307641,-0.4
2012-12-01,0.0016304749697759746,0.9821466108594583,-1.5992637477104568,-0.7468014214508059,-29.00243647362837,-29.510762965015466,,,0.0312404948322893,-0.018560271277030957,-0.05090571768933572,-0.05046820564416876,-0.4
2013-01-01,,,,,,,-27.498740505205614,8.743,0.02912875332079068,-0.009646897255513473,0.03224975831306409,-0.0007885739508779466,-0.3
2013-02-01,,,,,,,,,0.02499639303683665,-0.01882632920374755,-0.006213880629903912,-0.04176656406421131,-0.3
2013-03-01,0.002365868259067483,0.24212130991381936,2.3060361441977313,-1.7442014289761163,28.176706688643648,29.705953790096736,,,0.01600154622015637,0.027057546408947954,0.003893408142229049,0.05286040799763825,-0.6
2013-04-01,,,,,,,27.345842173694862,,0.018558206698099156,0.014204708255407011,-0.03539361665804819,-0.01982484999075851,-0.6
2013-05-01,,,,,,,,,0.019000771090059487,0.03671642623414384,-0.018438599538711742,0.02083948693113058,-0.5
2013-06-01,0.00984258066183763,-0.4436217800518473,0.3344241142772163,0.4226785897374521,2.6924580111471323,0.6285910553238132,,,0.021147093724749766,-0.014390377828902824,-0.017462376280725778,-0.01631885387802967,-0.1
2013-07-01,,,,,,,1.3788036893906233,,0.015555617558876023,0.008822890299977765,0.024582741230144478,0.03907583581482754,0.0
2013-08-01,,,,,,,,,0.00764706392747172,-0.03146689631704497,0.015979988575899995,0.00540469020962675,0.0
2013-09-01,0.006555217989054896,-0.7487763462381494,0.4584378554183909,-25.765331263254993,-30.86916469979078,-30.33454484542055,,,0.009137071361411842,-0.010812896446753165,0.02516392182611682,0.006239317712221748,-0.1
2013-10-01,,,,,,,-28.724645863085488,,-0.0022064329348570055,-0.045865535525885265,0.018349161594844787,-0.024451913047570883,-0.3
2013-11-01,,,,,,,,,0.004694776275552925,-0.014305701815949673,0.0837741381423065,0.014984815645796346,0.1
2013-12-01,0.0011377188500443225,-0.03969291215318571,-0.4460133236501621,27.541006101351645,0.0,0.0,,,0.004440016550143255,-0.032787587310551494,0.06435834089340986,-0.021127793094898095,0.1
2014-01-01,,,,,,,27.933355465167203,8.597,0.004559911918377679,0.0014515694990085565,0.020440159763619903,0.03377521578293141,0.1
2014-02-01,,,,,,,,,-0.006773884898210625,-0.021261219147917135,-0.018037184717663024,0.008662264898575245,-0.1
2014-03-01,0.0070689448046188375,-26.36263414176082,-0.7465987180239743,-0.3309764334387978,28.534497046135684,28.224583769409353,,,-0.008856157140918697,-0.01443293024827945,-0.04226971386613343,0.01380769468190124,0.0
2014-04-01,,,,,,,-0.6195752239317553,,-0.00990744032523061,-0.02352594734408041,0.00591701422261437,0.01983494343341974,0.0
2014-05-01,,,,,,,,,-0.01006386119573044,-0.00611204126444323,-0.013070653104684027,-0.0013562122999637438,0.2
2014-06-01,0.008272993491276637,26.551933795190237,0.6056010787681633,0.24244772947565363,-28.534497046135684,-28.224583769409353,,,-0.006507116130308077,0.017243655434104846,0.055794190397083554,-0.0019222837242871549,0.0
2014-07-01,,,,,,,-27.31378024123545,,-0.002560015441632757,0.01682788471490755,-0.01517910694933633,0.022560659302261143,0.0
2014-08-01,,,,,,,,,0.0012194854695550816,0.02395752329362881,0.059506530051812945,0.013168024097691244,0.1
2014-09-01,0.00746345695066708,0.24300993203598464,-0.32937435628454925,-0.045514347364556534,27.327677052375893,29.220780642698312,,,0.003167557522862907,0.04499706824203123,-0.08340395587441662,0.030231239367036977,-0.1
2014-10-01,,,,,,,28.66238117758762,,0.0017707667215578482,0.05948095982235398,-0.027653299096773054,-0.005177258428076925,0.0
2014-11-01,,,,,,,,,-0.001734172440954751,0.05800168141983716,-0.15643818098774886,0.0005547234210645513,-0.1
2014-12-01,0.006039944124717422,-0.04966240042504555,0.6239934255095103,0.09555282758030587,2.5502644823761456,-0.04085349956521478,,,-0.003292123830769711,0.04003662312959086,-0.04897441314985329,-3.1327103108935717e-05,-0.3
2015-01-01,,,,,,,-28.66238117758762,8.815,-0.005527549115859287,-0.008962730551745457,-0.07392747545332412,-0.05218399713583821,-0.5
2015-02-01,,,,,,,,,0.0147324516869336,-0.02956969569242259,0.027230398338478068,-0.041364024750112804,-0.8
2015-03-01,-0.00404357873787653,0.7135507344944644,-27.27132090449007,-27.50251587760425,-29.87794153475204,-0.6896111133700615,,,0.02115736818038272,0.004626792231597069,-0.043263721216639794,-0.023119855984528925,-0.9
2015-04-01,,,,,,,25.54039238486106,,0.03410246608192047,0.01595084596513776,-0.05137806780958698,-0.026168511406126527,-1.1
2015-05-01,,,,,,,,,0.029293934795456167,-0.004833085118066308,-0.11574224776221342,-0.04772079877495017,-1.2
2015-06-01,0.0026589336524711626,-0.19985840415326764,26.518384629414136,28.127381330777816,0.0,-28.490316029763036,,,0.0282171114104095,-0.049970810756345616,0.024335753462811027,0.01303799280002238,-1.0
2015-07-01,,,,,,,2.637821999004413,,0.019419452163040418,-0.00498652300312781,0.027965818652173624,0.01720242944763939,-1.3
2015-08-01,,,,,,,,,0.01654891528019853,0.0389232009957095,0.015845493945803923,0.05302670943161658,-1.4
2015-09-01,0.00905463784142313,0.017283998403751943,-26.518384629414136,-1.3016571094454163,29.685976035613514,29.041690695632482,,,0.012717659514386526,0.042468963981720835,-0.0565800387027231,-0.0195310560389359,-1.4
2015-10-01,,,,,,,-28.178214383865473,,0.017948199319221203,0.014510046360798258,0.009601582503272255,0.04556220918920317,-1.4
2015-11-01,,,,,,,,,0.020147189062555526,0.04170844322558747,0.04821752677213098,0.023965033711700556,-1.4
2015-12-01,0.006556835157162766,-1.6559539880065202,25.879077101614183,-0.7355897812098722,-0.8696596415577986,0.0890971769335156,,,0.016054231213820103,0.022968919985046184,0.0009447392456038983,0.04567781064186249,-1.3
2016-01-01,,,,,,,28.091836319120326,8.579,0.014702250681244422,0.0399770113339739,-0.038083971737680855,-0.02276545346106218,-1.3
2016-02-01,,,,,,,,,0.011299479026801507,-0.01773320110743915,-0.052406644670913494,0.013297070452562565,-0.8
2016-03-01,0.0027828445178119665,0.0721333533819446,-0.7164748788104986,1.8207524579440721,-28.816316394055715,-1.2721849225701212,,,0.013536597107520976,-0.014110961511200747,0.052301006457675214,-0.019847009673306104,-0.9
2016-04-01,,,,,,,-28.091836319120326,,0.010619663817825753,-0.04549791106497727,0.11694617380045003,0.03353714912758221,-0.4
2016-05-01,,,,,,,,,0.008316764538262689,-0.014530822623449806,0.034707716928185306,-0.0205024924729571,-0.4
2016-06-01,0.007969711347024955,0.7125863382776538,1.6315472301523655,-0.38632173465901054,29.689534798626287,-27.858602949995877,,,-0.0013581640782707183,-0.011928597453476124,-0.01586128299465983,0.01628112794391612,-0.4
2016-07-01,,,,,,,27.481370341423613,,-0.0011016636233236454,0.02017488274329717,-0.016495747363411084,-0.016592025709030622,-0.2
2016-08-01,,,,,,,,,-0.0021577136615498205,-0.006814900023354539,0.029134601622441636,0.032359397823622515,-0.1
2016-09-01,0.0013995835253339806,-0.2818278146055728,-1.5065477349741694,-27.52456516340759,-29.689534798626287,0.0,,,0.0022737161632875313,0.0038342145079153893,0.004612637788582674,0.0452727147496077,-0.2
2016-10-01,,,,,,,-1.954483379762354,,-0.0036340678264323856,0.004683849312426181,-0.011300002684318855,-0.005730963404335654,-0.2
2016-11-01,,,,,,,,,-0.007944969454293016,0.025640812536096947,-0.030292461660529568,-0.01851556343627081,-0.3
2016-12-01,-0.002456090284050916,1.3494247509392217,1.3485677936479656,27.621240078700616,29.820701634529627,29.447209536193235,,,-0.007973994454891553,0.04633140084978159,-0.009020237001433173,0.003838241320288205,0.0
2017-01-01,,,,,,,3.3660770607893014,8.059,-0.005944633056365944,0.01993941084417105,-0.08000092880775966,0.06180719710530269,0.3
2017-02-01,,,,,,,,,-0.009499992112290911,0.004748185468372058,0.016763325785806416,0.01938454369271625,0.6
2017-03-01,0.003376560745056878,-0.695750378789034,-0.5979694243636997,0.1591733776564399,-29.820701634529627,-29.447209536193235,,,-0.013196389209166881,-0.017723365599881042,-0.008761803286020609,-0.027025377114728855,0.6
2017-04-01,,,,,,,-28.89296402245056,,-0.011566390736572174,-0.006612384426818966,0.08432165920686785,-0.04226606051501136,0.4
2017-05-01,,,,,,,,,-0.012444568639557119,-0.014443969140438873,0.0916652764301844,0.05551414236192542,0.5
2017-06-01,0.004563229525723855,-1.775542459811249,0.8860644402493424,0.3533575467965178,29.469809709229285,0.0,,,-0.01641991690767597,-0.03392957376419311,0.09255157275267933,0.002402433142108862,0.2
2017-07-01,,,,,,,29.15805225339427,,-0.016400238256961686,-0.04127545742932605,0.03401219618089968,0.03384211584481278,0.3
2017-08-01,,,,,,,,,-0.02083654531180379,-0.021895168677117445,0.03058281493876791,-0.005404998958038476,0.5
2017-09-01,0.007973861300703433,1.5451531345985572,-0.06197846668741447,-0.3064796496057519,-2.7112295935206396,28.993820425508726,,,-0.024887177299271812,-0.005731592194469233,0.047005006078862266,0.033999235930913585,0.7
2017-10-01,,,,,,,-0.7641389229163125,,-0.034484107437178224,0.022373078796671175,0.05112566112751438,0.010011022749914389,0.7
2017-11-01,,,,,,,,,-0.04085034197885662,0.02680684394054375,0.027460785832172263,0.017852876360120007,0.8
2017-12-01,0.009752932726602381,-26.546480591531125,0.2845208987470212,-0.8693642372760442,1.8387307461567912,-28.993820425508726,,,-0.03535215511303491,0.02507921800963874,-0.00012294159895986922,0.059870085084231306,0.8
2018-01-01,,,,,,,-28.393913330477957,7.937,-0.047428447421333786,-0.022318043146199066,0.061211702945623614,0.017438184454313443,0.7
2018-02-01,,,,,,,,,-0.04086887674572104,-0.058200648749153074,0.019642740842847672,0.017964002628296782,0.6
2018-03-01,0.01308477943467068,22.359327747050454,-27.146806959575095,1.2182579417307218,-0.4477660554654812,25.306903256545908,,,-0.08257132186710514,-0.04030033949458644,0.10623156104721332,-0.010672604066161995,0.8
2018-04-01,,,,,,,27.73860632660819,,-0.10422692773103215,0.00858997299207679,-0.03697747449832889,0.010914715575754741,0.8
2018-05-01,,,,,,,,,-0.13151761265375583,0.06363285817842242,-0.015000782746906083,0.012873663646900013,1.0
2018-06-01,0.01249324660231288,-22.359327747050454,26.36685537450972,-28.176185058002503,-28.149544806399955,2.460866372170259,,,-0.06273845574686909,0.043321580428295106,-0.018772801708625053,0.02209184317632662,1.1
2018-07-01,,,,,,,-27.73860632660819,,-0.031177483432804465,0.02651416922907313,0.009923280414405156,0.009182546273326153,1.2
2018-08-01,,,,,,,,,-0.004341081298470328,-0.00901760304838811,-0.011783260703808196,-0.007638240264459029,1.2
2018-09-01,-0.006231452669275939,0.0,-1.2195059142334894,0.0,0.0,1.03367929448036,,,-0.03074211091898782,-0.02217761070760662,-0.06728910953773948,-0.06866756730383372,1.0
2018-10-01,,,,,,,29.30610927835281,,-0.03531022129308603,-0.0007659960820934888,-0.02720404932430398,0.03572425587542938,1.1
2018-11-01,,,,,,,,,-0.03723243833383272,0.013170788921706873,-0.038974800947659816,0.04078054946193532,0.9
2018-12-01,0.0039032584067193454,26.366964482076412,0.7710999341743878,0.0,0.0,-28.801448923196528,,,-0.04340976469823232,0.02410702086597325,-0.0046161264157191795,0.055377084748553074,0.7
2019-01-01,,,,,,,-29.30610927835281,7.993,-0.03651019478526507,-0.004300455095158936,0.015071826142687428,-0.013417376419692317,0.6
2019-02-01,,,,,,,,,-0.03175482843693622,0.0003373530909234336,0.07878458779726571,0.00925265357678029,0.6
2019-03-01,0.0016115325487735532,0.8257367393700892,-0.579851425283328,27.84640373562306,0.0,0.0,,,-0.018939170746214984,0.008668699100879695,0.002421676427672992,0.017628738203026018,0.7
2019-04-01,,,,,,,28.102626026541486,,-0.009351384541876229,0.018715061833675405,-0.003549060054769626,0.019744705817387853,0.7
2019-05-01,,,,,,,,,-0.0019074161237391252,0.00924338426065994,-0.0016123699535093294,0.0073699670178797305,0.6
2019-06-01,0.005333779250589643,-0.03318340265846503,1.2415871243586611,-1.6894881475367938,28.732035096993744,29.661637718817882,,,0.0035744488568685284,-0.012616798158562845,0.02275179834460772,0.02111320687285101,0.6
2019-07-01,,,,,,,-0.644507245490513,,0.0007943071956653114,-0.02043233862596048,0.028058469323880786,0.03366478845865828,0.3
2019-08-01,,,,,,,,,-0.004822134831904634,-0.03216310793481406,0.01640708292028492,-0.05152483276855335,0.3
2019-09-01,0.0046156596533304395,-0.9750450320855704,0.5372608562802041,0.35785047235131984,0.16256464462690023,-0.798158013073871,,,-0.01161921225061846,0.0026231412355927908,0.012901660365368883,0.022641473668002732,0.1
2019-10-01,,,,,,,-27.458118781050974,,-0.0041842044374647,0.005061536100999499,-0.013699158732190853,-0.016571611805591857,-0.3
2019-11-01,,,,,,,,,0.007037761979896473,0.014325232011913398,-0.06751944922601183,0.020938702045658175,-0.1
2019-12-01,0.0009545179368490864,-2.080313429954013,0.19349483055853356,2.3231301613913757,-28.894599741620645,-28.863479705744012,,,0.010472674342871358,-0.008102646724369821,-0.044981581275092,-0.058077364702143086,0.2
2020-01-01,,,,,,,0.0,8.603,-0.006663365924955755,-0.023681663116002158,-0.035680440729684904,0.0056950220543647845,0.2
2020-02-01,,,,,,,,,-0.011231430512625096,-0.016963196069297096,0.01000067826527129,-0.005443955776645026,-0.1
2020-03-01,-0.010442300965737061,-24.10415935674845,0.8426254257210762,-28.837896221828963,0.0,0.0,,,0.19308560383358042,-0.02399298986492729,-0.011190450569586119,-0.005546160837276659,-0.5
2020-04-01,,,,,,,0.0,,0.3641343758957536,0.00031844067437096155,-0.2739565636002723,-0.21413953797595298,-1.1
2020-05-01,,,,,,,,,0.4199782256665685,-0.007163679621570808,-0.16492178528773493,-0.19708863059855375,-1.3
2020-06-01,-0.06674377057029623,0.0,-1.1268092847913462,0.0,0.0,0.0,,,0.20497153135787194,-0.008312425788240811,-0.08383011590493084,-0.11894763366183625,-1.3
2020-07-01,,,,,,,29.55795982383816,,0.03383331548921831,-0.03930036959975572,0.2611088623655249,0.11293345536260446,-0.9
2020-08-01,,,,,,,,,-0.024987399670902022,-0.06309980089359177,0.18440227293598355,0.16678413457394115,-0.9
2020-09-01,0.06166355094373266,29.775972456206183,0.08228211691387477,29.85044324868792,29.1243263184024,29.257038084973292,,,-0.02628197945008992,-0.03906811268341468,0.11204164092986346,0.06432738484139833,-0.8
2020-10-01,,,,,,,-1.5049085829267057,,-0.02035649683124241,-0.021992603606001027,0.021706615256565698,0.026335915001219234,-0.6
2020-11-01,,,,,,,,,-0.021381045010544497,0.001175928729008402,0.029045923840730126,0.035068572025977574,-0.7
2020-12-01,0.008398295238825071,-29.775972456206183,0.5774290856310895,-3.9559549043194213,-2.09537587991059,-29.257038084973292,,,-0.006069870308550662,-0.029398348340378744,-0.005778111175281708,0.0419829947990813,-0.8
2021-01-01,,,,,,,1.1299968802378464,8.315,0.009541030531440953,-0.028832849983624717,0.03543596503054047,0.05182914516579018,-0.5
2021-02-01,,,,,,,,,0.017026240039916374,-0.014483957057462707,-0.019669506365300293,-0.023347537892941972,-0.5
2021-03-01,0.006261568669881257,0.0,0.21429096922821372,-25.8944883443685,2.456419316769022,29.200399733517926,,,-0.011269411096481718,0.045516735670657324,0.04081491719470165,0.11024641332940277,-0.2
2021-04-01,,,,,,,-0.611443580777529,,-0.038243029334816825,0.03908526653846113,0.032328003101717684,0.03580337715794357,0.3
2021-05-01,,,,,,,,,-0.06030078625897772,0.005315274424479863,0.056304893510986886,0.0757164350729802,0.6
2021-06-01,0.027418098859138595,28.957453684025285,-1.3293624990852475,28.457364643366486,-0.8285516417989025,-1.7325660983187636,,,-0.0839857746843844,-0.023913678709664404,0.02429405597933254,-0.011036640522249286,0.6
2021-07-01,,,,,,,-2.551020837211554,,-0.09577393494992492,-0.004803123785570643,0.01182525960923897,0.04880514302323746,0.7
2021-08-01,,,,,,,,,-0.11130628471488535,0.013173362133597752,0.03782657709006898,0.08069841910196729,0.9
2021-09-01,0.021677827208067768,-0.4172957779232238,-0.18589132801302521,-28.457364643366486,0.08585744051841737,-27.467833635199163,,,-0.10448712727053966,0.016403457720343725,0.024301126155151564,0.024776036885921116,0.9
2021-10-01,,,,,,,2.0774455330341706,,-0.11334745326119133,0.005750876000844882,0.01242174201512114,0.011058119003113376,1.2
2021-11-01,,,,,,,,,-0.11770148776354539,0.0072388105489914895,0.029302706004067147,0.030532455491957933,1.5
2021-12-01,0.007951725079207606,-2.0567646269034876,-26.38550526596932,27.918451518050325,0.4504153473976653,29.96621380445028,,,-0.10803798285947686,-0.002004195015736218,0.07801582157661713,0.07037809779522419,1.5
2022-01-01,,,,,,,1.0827860434074872,6.835,-0.10682406661356936,-0.003925480726435782,0.174208528258589,0.026622952897646712,1.6
2022-02-01,,,,,,,,,-0.08815555164376043,0.0016721607743269973,0.023522043033590734,0.035185735599473134,2.2
2022-03-01,0.003325777363039961,1.4636603086668112,0.0,-27.918451518050325,-0.9035349794654413,-29.96621380445028,,,-0.07891450231288033,0.009158953572757408,0.04962665167035141,-0.040427454505753246,2.4
2022-04-01,,,,,,,-29.180815279601877,,-0.05449724899008146,0.027764801548982497,-0.12629821091721638,0.012726598241734166,2.5
2022-05-01,,,,,,,,,-0.05285736488239223,0.060556771753800254,0.06061285047413989,-0.03490535045583343,2.9
2022-06-01,0.006006045134149929,-0.3630887239659976,0.0,28.173100186567343,-28.28955592191257,0.0,,,-0.044483367510819605,0.042895684838204794,-0.025543078170063183,0.01921515914942873,3.4
2022-07-01,,,,,,,27.667119436101018,,-0.048634352953458304,0.026244581148733088,0.05741913260505882,0.005404444475800574,3.4
2022-08-01,,,,,,,,,-0.053016928524000306,-0.023792485851149302,-0.02173047851672294,0.013920798583836103,3.5
2022-09-01,0.005925973533260631,-0.3012228927704695,25.687647932196924,-0.6972217698164477,30.38759430644855,29.64938191392062,,,-0.05212014001875431,0.003229389737623333,0.00492079420324032,0.03544336196175735,3.3
2022-10-01,,,,,,,1.0882980856513484,,-0.04872533841900051,0.025268069863218195,-0.053991263522391364,0.004418556637499904,3.0
2022-11-01,,,,,,,,,-0.045337085098772434,0.008905689824417064,-0.012423563202936805,-0.06699837573775369,3.0
2022-12-01,0.0020447266099452577,-27.28274197112892,0.8741105387839265,-27.475878416750895,-3.1883421631631936,-1.8035974880887191,,,-0.05997572357695624,-0.043747929989011586,0.02420289754547511,-0.006194237916929524,2.8
2023-01-01,,,,,,,-1.5809166847327982,7.865,-0.0594946132626486,-0.07387914574615598,0.10690390283042461,0.039217499971790915,3.3
2023-02-01,,,,,,,,,-0.041449199133326786,-0.042430087570148406,0.03476136830518328,0.03456116536516518,3.4
2023-03-01,0.004201375038670463,25.565783475990873,0.525048427198965,28.467769182953496,-27.199252143285356,0.19681307371219983,,,-0.01019954318141103,-0.00666197470997941,-0.012060277731233526,-0.004179494480055723,2.9
2023-04-01,,,,,,,-27.17450083701957,,0.014077004661180226,-0.02807766067770838,-0.04106520767739852,-0.10348249244335861,2.6
2023-05-01,,,,,,,,,0.03456278640119059,-0.030912100600707357,-0.07278848749213651,-0.014159858954069904,2.2
2023-06-01,-0.0065511837523519745,1.6997837075503055,-1.297667591331154,-28.467769182953496,0.0,-28.0425974995441,,,0.04336155768597649,-0.02746450054375288,0.02650373362817149,-0.01476389848577142,1.7
2023-07-01,,,,,,,28.975214301029908,,0.04573661161343523,-0.029616567491043758,0.0019375363578539861,-0.018912311874029086,1.6
2023-08-01,,,,,,,,,0.034336663614727314,-0.021767265327612792,0.07984637581554921,0.0067371106882170295,1.6
2023-09-01,0.004215197194360698,-0.7342244236046865,1.4282696936663293,26.77519716295831,0.0,0.0,,,0.03859842747091413,-0.0008343865058453581,-0.017074477996029458,0.04359569990323564,1.7
2023-10-01,,,,,,,-3.72651324611932,,0.03560224590706618,0.03515074813062108,-0.05448846201294444,0.03902347507437298,1.7
2023-11-01,,,,,,,,,0.04017202172025769,0.013405100621453392,0.001353788919292498,-0.005470550154146991,1.4
2023-12-01,0.00335497259970019,0.013499843587930993,-0.1122403443511853,-26.77519716295831,27.98714557398923,29.028225044323094,,,0.03493364617284911,-0.039473738058462826,0.06303254247174195,-0.09193155303926304,1.7
2024-01-01,,,,,,,-25.24870105491059,8.238,,-0.05034779893714833,0.07335748511942697,0.017698605891048658,1.3
2024-02-01,,,,,,,,,,-0.014808462926865051,-0.008347993025825673,-0.006912748960058224,1.2
2024-03-01,-0.00022689975616962954,0.8393199568940057,-2.3942145472905567,27.818631729105824,1.3632254882624215,0.4782557506630887,,,,0.02718558967383662,-0.06820170003397408,0.009485995588637053,1.0
2024-04-01,,,,,,,28.718137239458386,,,0.057457722616928456,-0.008014176851450117,0.047486768799636536,1.4
2024-05-01,,,,,,,,,,0.03556045167456487,-0.0488740159005161,0.04080796962351485,1.4
2024-06-01,0.011535027863031289,0.042784582852674724,-0.6969227335023436,-1.562481721274351,-29.35037106225165,-29.50648079498618,,,,0.005798394167902843,0.006125002881606889,0.061441193241183356,1.3
2024-07-01,,,,,,,-28.718137239458386,,,-0.02025031794942085,-0.018720585360135544,-0.013198962231644629,1.3
2024-08-01,,,,,,,,,,-0.05764013287700351,0.05051425529067188,-0.0028588064968566584,1.1
2024-09-01,0.0040243402711226395,-0.24555876412716693,2.933905632003482,-26.256150007831476,0.0,0.0,,,,-0.05360423464773455,0.018093124356852286,-0.039832587673483744,0.8
2024-10-01,,,,,,,27.433993411745156,,,-0.03461899129118384,0.035844024365417226,0.1061828471406372,0.6
2024-11-01,,,,,,,,,,0.02636638448638584,-0.049086198059345776,0.007589323278772042,0.7
2024-12-01,0.001468164279723183,-0.9685814059047259,0.21727398444294904,0.0,29.530957552177558,29.02661268329131,,,,0.05111200000418649,0.014432032499655634,0.08486752754595273,0.6
2025-01-01,,,,,,,2.213437884016236,9.041,,0.05454598134440482,-0.04930465797566086,-0.05897746950198979,0.4
2025-02-01,,,,,,,,,,0.02529823954895219,0.11169176424241556,0.07474887476367797,0.3
2025-03-01,0.007723109335074696,-0.49894553947858755,-27.165210991817336,26.285208808038874,0.6465991717968511,1.193895600139909,,,,-0.009051000816341762,0.15620478181035935,0.10248428812936794,0.3
2025-04-01,,,,,,,-29.647431295761393,,,-0.08710820752886332,0.11539976749572034,0.06443855930334408,0.0
2025-05-01,,,,,,,,,,-0.08483770091195489,0.0351722391705529,-0.11188530070726088,-0.1
2025-06-01,0.0003478877642351108,1.17037435295461,27.057116059269532,-26.285208808038874,-30.17755672397441,-30.22050828343122,,,,-0.08291816084360384,-0.12029729264738265,-0.18045634220472095,0.1
2025-07-01,,,,,,,25.193905129971768,,,-0.04269805356505604,-0.014329634406518466,-0.14717680259210653,0.2
2025-08-01,,,,,,,,,,-0.029580375961816147,-0.05331179162405064,-0.028559540923353666,0.2
2025-09-01,-0.0030832360168595585,-0.07257340063438633,-27.057116059269532,24.031150911122754,27.762803281433378,27.941957979765437,,,,-0.021253778649418548,0.08922116039780192,0.006401981071594065,0.2
2025-10-01,,,,,,,-25.193905129971768,,,-0.0018052550909631038,0.08343957799042556,0.030346456206270744,0.1
2025-11-01,,,,,,,,,,-0.0025780607035386094,0.10146416521781632,0.04489224602901132,0.0
2025-12-01,,,,,,,,,,0.000950561889479451,-0.013229332481174083,-0.03433292080434214,0.1
2026-01-01,,,,,,,,,,-0.010094669814906643,-0.006237571576594547,-0.023042517173628596,0.1
2026-02-01,,,,,,,,,,-0.039103219297380754,,,0.1
2026-03-01,,,,,,,,,,-0.012148697990204321,,,
2026-04-01,,,,,,,,,,0.006603059114826448,,,
